age,gender,state,prescribe_levothyroxine0_013Oral_Capsule,prescribe_levothyroxine0_025Oral_Tablet,prescribe_levothyroxine0_05Oral_Capsule,prescribe_levothyroxine0_05Oral_Tablet,prescribe_levothyroxine0_075Oral_Tablet,prescribe_levothyroxine0_088Oral_Capsule,prescribe_levothyroxine0_088Oral_Tablet,prescribe_levothyroxine0_112Oral_Tablet,prescribe_levothyroxine0_125Oral_Tablet,prescribe_levothyroxine0_137Oral_Tablet,prescribe_levothyroxine0_15Oral_Tablet,prescribe_levothyroxine0_175Oral_Tablet,prescribe_levothyroxine0_1Oral_Capsule,prescribe_levothyroxine0_1Oral_Tablet,prescribe_levothyroxine0_2Oral_Tablet,prescribe_levothyroxine0_3Oral_Tablet,prescribe_liothyronine0_005Oral_Tablet,prescribe_liothyronine0_025Oral_Tablet,prescribe_thyroid_USP_120Oral_Tablet,prescribe_thyroid_USP_15Oral_Tablet,prescribe_thyroid_USP_180Oral_Tablet,prescribe_thyroid_USP_30Oral_Tablet,prescribe_thyroid_USP_60Oral_Tablet,prescribe_thyroid_USP_90Oral_Tablet
12 - 18,Female,Alabama,,42.84699652993527,,57.15300347006473,,,,,,,,,,,,,,,,,,,,
12 - 18,Female,Alaska,,74.05315695219876,,,,,,,25.946843047801238,,,,,,,,,,,,,,,
12 - 18,Female,Arizona,,74.05315695219876,,,,,,,25.946843047801238,,,,,,,,,,,,,,,
12 - 18,Female,Arkansas,,42.84699652993527,,57.15300347006473,,,,,,,,,,,,,,,,,,,,
12 - 18,Female,California,,74.05315695219876,,,,,,,25.946843047801238,,,,,,,,,,,,,,,
12 - 18,Female,Colorado,,74.05315695219876,,,,,,,25.946843047801238,,,,,,,,,,,,,,,
12 - 18,Female,Delaware,,42.84699652993527,,57.15300347006473,,,,,,,,,,,,,,,,,,,,
12 - 18,Female,District of Columbia,,42.84699652993527,,57.15300347006473,,,,,,,,,,,,,,,,,,,,
12 - 18,Female,Florida,,42.84699652993527,,57.15300347006473,,,,,,,,,,,,,,,,,,,,
12 - 18,Female,Georgia,,42.84699652993527,,57.15300347006473,,,,,,,,,,,,,,,,,,,,
12 - 18,Female,Hawaii,,74.05315695219876,,,,,,,25.946843047801238,,,,,,,,,,,,,,,
12 - 18,Female,Idaho,,74.05315695219876,,,,,,,25.946843047801238,,,,,,,,,,,,,,,
12 - 18,Female,Illinois,,,,,19.51075072448188,,21.14401331732533,,59.3452359581928,,,,,,,,,,,,,,,
12 - 18,Female,Indiana,,,,,19.51075072448188,,21.14401331732533,,59.3452359581928,,,,,,,,,,,,,,,
12 - 18,Female,Iowa,,,,,19.51075072448188,,21.14401331732533,,59.3452359581928,,,,,,,,,,,,,,,
12 - 18,Female,Kansas,,,,,19.51075072448188,,21.14401331732533,,59.3452359581928,,,,,,,,,,,,,,,
12 - 18,Female,Kentucky,,42.84699652993527,,57.15300347006473,,,,,,,,,,,,,,,,,,,,
12 - 18,Female,Louisiana,,42.84699652993527,,57.15300347006473,,,,,,,,,,,,,,,,,,,,
12 - 18,Female,Maryland,,42.84699652993527,,57.15300347006473,,,,,,,,,,,,,,,,,,,,
12 - 18,Female,Michigan,,,,,19.51075072448188,,21.14401331732533,,59.3452359581928,,,,,,,,,,,,,,,
12 - 18,Female,Minnesota,,,,,19.51075072448188,,21.14401331732533,,59.3452359581928,,,,,,,,,,,,,,,
12 - 18,Female,Mississippi,,42.84699652993527,,57.15300347006473,,,,,,,,,,,,,,,,,,,,
12 - 18,Female,Missouri,,,,,19.51075072448188,,21.14401331732533,,59.3452359581928,,,,,,,,,,,,,,,
12 - 18,Female,Montana,,74.05315695219876,,,,,,,25.946843047801238,,,,,,,,,,,,,,,
12 - 18,Female,Nebraska,,,,,19.51075072448188,,21.14401331732533,,59.3452359581928,,,,,,,,,,,,,,,
12 - 18,Female,Nevada,,74.05315695219876,,,,,,,25.946843047801238,,,,,,,,,,,,,,,
12 - 18,Female,New Mexico,,74.05315695219876,,,,,,,25.946843047801238,,,,,,,,,,,,,,,
12 - 18,Female,North Carolina,,42.84699652993527,,57.15300347006473,,,,,,,,,,,,,,,,,,,,
12 - 18,Female,North Dakota,,,,,19.51075072448188,,21.14401331732533,,59.3452359581928,,,,,,,,,,,,,,,
12 - 18,Female,Ohio,,,,,19.51075072448188,,21.14401331732533,,59.3452359581928,,,,,,,,,,,,,,,
12 - 18,Female,Oklahoma,,42.84699652993527,,57.15300347006473,,,,,,,,,,,,,,,,,,,,
12 - 18,Female,Oregon,,74.05315695219876,,,,,,,25.946843047801238,,,,,,,,,,,,,,,
12 - 18,Female,South Carolina,,42.84699652993527,,57.15300347006473,,,,,,,,,,,,,,,,,,,,
12 - 18,Female,South Dakota,,,,,19.51075072448188,,21.14401331732533,,59.3452359581928,,,,,,,,,,,,,,,
12 - 18,Female,Tennessee,,42.84699652993527,,57.15300347006473,,,,,,,,,,,,,,,,,,,,
12 - 18,Female,Texas,,42.84699652993527,,57.15300347006473,,,,,,,,,,,,,,,,,,,,
12 - 18,Female,Utah,,74.05315695219876,,,,,,,25.946843047801238,,,,,,,,,,,,,,,
12 - 18,Female,Virginia,,42.84699652993527,,57.15300347006473,,,,,,,,,,,,,,,,,,,,
12 - 18,Female,Washington,,74.05315695219876,,,,,,,25.946843047801238,,,,,,,,,,,,,,,
12 - 18,Female,West Virginia,,42.84699652993527,,57.15300347006473,,,,,,,,,,,,,,,,,,,,
12 - 18,Female,Wisconsin,,,,,19.51075072448188,,21.14401331732533,,59.3452359581928,,,,,,,,,,,,,,,
12 - 18,Female,Wyoming,,74.05315695219876,,,,,,,25.946843047801238,,,,,,,,,,,,,,,
12 - 18,Male,Alabama,,,,,,,,,,,100.0,,,,,,,,,,,,,
12 - 18,Male,Arkansas,,,,,,,,,,,100.0,,,,,,,,,,,,,
12 - 18,Male,Delaware,,,,,,,,,,,100.0,,,,,,,,,,,,,
12 - 18,Male,District of Columbia,,,,,,,,,,,100.0,,,,,,,,,,,,,
12 - 18,Male,Florida,,,,,,,,,,,100.0,,,,,,,,,,,,,
12 - 18,Male,Georgia,,,,,,,,,,,100.0,,,,,,,,,,,,,
12 - 18,Male,Kentucky,,,,,,,,,,,100.0,,,,,,,,,,,,,
12 - 18,Male,Louisiana,,,,,,,,,,,100.0,,,,,,,,,,,,,
12 - 18,Male,Maryland,,,,,,,,,,,100.0,,,,,,,,,,,,,
12 - 18,Male,Mississippi,,,,,,,,,,,100.0,,,,,,,,,,,,,
12 - 18,Male,North Carolina,,,,,,,,,,,100.0,,,,,,,,,,,,,
12 - 18,Male,Oklahoma,,,,,,,,,,,100.0,,,,,,,,,,,,,
12 - 18,Male,South Carolina,,,,,,,,,,,100.0,,,,,,,,,,,,,
12 - 18,Male,Tennessee,,,,,,,,,,,100.0,,,,,,,,,,,,,
12 - 18,Male,Texas,,,,,,,,,,,100.0,,,,,,,,,,,,,
12 - 18,Male,Virginia,,,,,,,,,,,100.0,,,,,,,,,,,,,
12 - 18,Male,West Virginia,,,,,,,,,,,100.0,,,,,,,,,,,,,
19 - 49,Female,Alabama,,6.259967501279895,,15.912806586471682,19.988097781093185,,5.7664455518882285,7.765216108179428,5.249970705691429,3.923857644402219,5.4975823002356625,4.161229468987114,,12.72021405287152,1.999691887089158,0.5995623257185048,2.3606148364647224,,1.6843649181604006,,,1.229702617184734,1.776061669967649,3.1046140443144785
19 - 49,Female,Alaska,,7.405030839329241,,14.261070615692942,13.94262336082848,,7.817355600406765,12.40869035305136,6.951731405327931,3.876481367545437,3.7152717549735534,1.3959954018873229,,10.906418389068818,3.864450940801013,,2.6262579159141026,0.6591379870353906,,3.61385643180881,,3.5519088551386204,3.0037187811902086,
19 - 49,Female,Arizona,,7.405030839329241,,14.261070615692942,13.94262336082848,,7.817355600406765,12.40869035305136,6.951731405327931,3.876481367545437,3.7152717549735534,1.3959954018873229,,10.906418389068818,3.864450940801013,,2.6262579159141026,0.6591379870353906,,3.61385643180881,,3.5519088551386204,3.0037187811902086,
19 - 49,Female,Arkansas,,6.259967501279895,,15.912806586471682,19.988097781093185,,5.7664455518882285,7.765216108179428,5.249970705691429,3.923857644402219,5.4975823002356625,4.161229468987114,,12.72021405287152,1.999691887089158,0.5995623257185048,2.3606148364647224,,1.6843649181604006,,,1.229702617184734,1.776061669967649,3.1046140443144785
19 - 49,Female,California,,7.405030839329241,,14.261070615692942,13.94262336082848,,7.817355600406765,12.40869035305136,6.951731405327931,3.876481367545437,3.7152717549735534,1.3959954018873229,,10.906418389068818,3.864450940801013,,2.6262579159141026,0.6591379870353906,,3.61385643180881,,3.5519088551386204,3.0037187811902086,
19 - 49,Female,Colorado,,7.405030839329241,,14.261070615692942,13.94262336082848,,7.817355600406765,12.40869035305136,6.951731405327931,3.876481367545437,3.7152717549735534,1.3959954018873229,,10.906418389068818,3.864450940801013,,2.6262579159141026,0.6591379870353906,,3.61385643180881,,3.5519088551386204,3.0037187811902086,
19 - 49,Female,Connecticut,,2.036954176293277,,19.27465297075229,16.402202778881044,,3.5192855715125044,1.8656775978013604,11.581504718124373,0.7624132797739002,3.155446927736242,7.732600674773184,,21.693638639004178,5.012765979816681,,5.036400928946069,,,,,,1.9264557565848888,
19 - 49,Female,Delaware,,6.259967501279895,,15.912806586471682,19.988097781093185,,5.7664455518882285,7.765216108179428,5.249970705691429,3.923857644402219,5.4975823002356625,4.161229468987114,,12.72021405287152,1.999691887089158,0.5995623257185048,2.3606148364647224,,1.6843649181604006,,,1.229702617184734,1.776061669967649,3.1046140443144785
19 - 49,Female,District of Columbia,,6.259967501279895,,15.912806586471682,19.988097781093185,,5.7664455518882285,7.765216108179428,5.249970705691429,3.923857644402219,5.4975823002356625,4.161229468987114,,12.72021405287152,1.999691887089158,0.5995623257185048,2.3606148364647224,,1.6843649181604006,,,1.229702617184734,1.776061669967649,3.1046140443144785
19 - 49,Female,Florida,,6.259967501279895,,15.912806586471682,19.988097781093185,,5.7664455518882285,7.765216108179428,5.249970705691429,3.923857644402219,5.4975823002356625,4.161229468987114,,12.72021405287152,1.999691887089158,0.5995623257185048,2.3606148364647224,,1.6843649181604006,,,1.229702617184734,1.776061669967649,3.1046140443144785
19 - 49,Female,Georgia,,6.259967501279895,,15.912806586471682,19.988097781093185,,5.7664455518882285,7.765216108179428,5.249970705691429,3.923857644402219,5.4975823002356625,4.161229468987114,,12.72021405287152,1.999691887089158,0.5995623257185048,2.3606148364647224,,1.6843649181604006,,,1.229702617184734,1.776061669967649,3.1046140443144785
19 - 49,Female,Hawaii,,7.405030839329241,,14.261070615692942,13.94262336082848,,7.817355600406765,12.40869035305136,6.951731405327931,3.876481367545437,3.7152717549735534,1.3959954018873229,,10.906418389068818,3.864450940801013,,2.6262579159141026,0.6591379870353906,,3.61385643180881,,3.5519088551386204,3.0037187811902086,
19 - 49,Female,Idaho,,7.405030839329241,,14.261070615692942,13.94262336082848,,7.817355600406765,12.40869035305136,6.951731405327931,3.876481367545437,3.7152717549735534,1.3959954018873229,,10.906418389068818,3.864450940801013,,2.6262579159141026,0.6591379870353906,,3.61385643180881,,3.5519088551386204,3.0037187811902086,
19 - 49,Female,Illinois,,9.594064363286053,,13.040801941807636,9.712948215266168,,4.4671626973117,5.846075176273816,7.043647538896297,6.271784513008306,10.409330690694118,6.224408462062385,,15.447723220488923,1.1771782814683298,,2.2601147179828764,,3.5766412664304683,0.0,2.565812738068463,,2.362306176954447,
19 - 49,Female,Indiana,,9.594064363286053,,13.040801941807636,9.712948215266168,,4.4671626973117,5.846075176273816,7.043647538896297,6.271784513008306,10.409330690694118,6.224408462062385,,15.447723220488923,1.1771782814683298,,2.2601147179828764,,3.5766412664304683,0.0,2.565812738068463,,2.362306176954447,
19 - 49,Female,Iowa,,9.594064363286053,,13.040801941807636,9.712948215266168,,4.4671626973117,5.846075176273816,7.043647538896297,6.271784513008306,10.409330690694118,6.224408462062385,,15.447723220488923,1.1771782814683298,,2.2601147179828764,,3.5766412664304683,0.0,2.565812738068463,,2.362306176954447,
19 - 49,Female,Kansas,,9.594064363286053,,13.040801941807636,9.712948215266168,,4.4671626973117,5.846075176273816,7.043647538896297,6.271784513008306,10.409330690694118,6.224408462062385,,15.447723220488923,1.1771782814683298,,2.2601147179828764,,3.5766412664304683,0.0,2.565812738068463,,2.362306176954447,
19 - 49,Female,Kentucky,,6.259967501279895,,15.912806586471682,19.988097781093185,,5.7664455518882285,7.765216108179428,5.249970705691429,3.923857644402219,5.4975823002356625,4.161229468987114,,12.72021405287152,1.999691887089158,0.5995623257185048,2.3606148364647224,,1.6843649181604006,,,1.229702617184734,1.776061669967649,3.1046140443144785
19 - 49,Female,Louisiana,,6.259967501279895,,15.912806586471682,19.988097781093185,,5.7664455518882285,7.765216108179428,5.249970705691429,3.923857644402219,5.4975823002356625,4.161229468987114,,12.72021405287152,1.999691887089158,0.5995623257185048,2.3606148364647224,,1.6843649181604006,,,1.229702617184734,1.776061669967649,3.1046140443144785
19 - 49,Female,Maine,,2.036954176293277,,19.27465297075229,16.402202778881044,,3.5192855715125044,1.8656775978013604,11.581504718124373,0.7624132797739002,3.155446927736242,7.732600674773184,,21.693638639004178,5.012765979816681,,5.036400928946069,,,,,,1.9264557565848888,
19 - 49,Female,Maryland,,6.259967501279895,,15.912806586471682,19.988097781093185,,5.7664455518882285,7.765216108179428,5.249970705691429,3.923857644402219,5.4975823002356625,4.161229468987114,,12.72021405287152,1.999691887089158,0.5995623257185048,2.3606148364647224,,1.6843649181604006,,,1.229702617184734,1.776061669967649,3.1046140443144785
19 - 49,Female,Massachusetts,,2.036954176293277,,19.27465297075229,16.402202778881044,,3.5192855715125044,1.8656775978013604,11.581504718124373,0.7624132797739002,3.155446927736242,7.732600674773184,,21.693638639004178,5.012765979816681,,5.036400928946069,,,,,,1.9264557565848888,
19 - 49,Female,Michigan,,9.594064363286053,,13.040801941807636,9.712948215266168,,4.4671626973117,5.846075176273816,7.043647538896297,6.271784513008306,10.409330690694118,6.224408462062385,,15.447723220488923,1.1771782814683298,,2.2601147179828764,,3.5766412664304683,0.0,2.565812738068463,,2.362306176954447,
19 - 49,Female,Minnesota,,9.594064363286053,,13.040801941807636,9.712948215266168,,4.4671626973117,5.846075176273816,7.043647538896297,6.271784513008306,10.409330690694118,6.224408462062385,,15.447723220488923,1.1771782814683298,,2.2601147179828764,,3.5766412664304683,0.0,2.565812738068463,,2.362306176954447,
19 - 49,Female,Mississippi,,6.259967501279895,,15.912806586471682,19.988097781093185,,5.7664455518882285,7.765216108179428,5.249970705691429,3.923857644402219,5.4975823002356625,4.161229468987114,,12.72021405287152,1.999691887089158,0.5995623257185048,2.3606148364647224,,1.6843649181604006,,,1.229702617184734,1.776061669967649,3.1046140443144785
19 - 49,Female,Missouri,,9.594064363286053,,13.040801941807636,9.712948215266168,,4.4671626973117,5.846075176273816,7.043647538896297,6.271784513008306,10.409330690694118,6.224408462062385,,15.447723220488923,1.1771782814683298,,2.2601147179828764,,3.5766412664304683,0.0,2.565812738068463,,2.362306176954447,
19 - 49,Female,Montana,,7.405030839329241,,14.261070615692942,13.94262336082848,,7.817355600406765,12.40869035305136,6.951731405327931,3.876481367545437,3.7152717549735534,1.3959954018873229,,10.906418389068818,3.864450940801013,,2.6262579159141026,0.6591379870353906,,3.61385643180881,,3.5519088551386204,3.0037187811902086,
19 - 49,Female,Nebraska,,9.594064363286053,,13.040801941807636,9.712948215266168,,4.4671626973117,5.846075176273816,7.043647538896297,6.271784513008306,10.409330690694118,6.224408462062385,,15.447723220488923,1.1771782814683298,,2.2601147179828764,,3.5766412664304683,0.0,2.565812738068463,,2.362306176954447,
19 - 49,Female,Nevada,,7.405030839329241,,14.261070615692942,13.94262336082848,,7.817355600406765,12.40869035305136,6.951731405327931,3.876481367545437,3.7152717549735534,1.3959954018873229,,10.906418389068818,3.864450940801013,,2.6262579159141026,0.6591379870353906,,3.61385643180881,,3.5519088551386204,3.0037187811902086,
19 - 49,Female,New Hampshire,,2.036954176293277,,19.27465297075229,16.402202778881044,,3.5192855715125044,1.8656775978013604,11.581504718124373,0.7624132797739002,3.155446927736242,7.732600674773184,,21.693638639004178,5.012765979816681,,5.036400928946069,,,,,,1.9264557565848888,
19 - 49,Female,New Jersey,,2.036954176293277,,19.27465297075229,16.402202778881044,,3.5192855715125044,1.8656775978013604,11.581504718124373,0.7624132797739002,3.155446927736242,7.732600674773184,,21.693638639004178,5.012765979816681,,5.036400928946069,,,,,,1.9264557565848888,
19 - 49,Female,New Mexico,,7.405030839329241,,14.261070615692942,13.94262336082848,,7.817355600406765,12.40869035305136,6.951731405327931,3.876481367545437,3.7152717549735534,1.3959954018873229,,10.906418389068818,3.864450940801013,,2.6262579159141026,0.6591379870353906,,3.61385643180881,,3.5519088551386204,3.0037187811902086,
19 - 49,Female,New York,,2.036954176293277,,19.27465297075229,16.402202778881044,,3.5192855715125044,1.8656775978013604,11.581504718124373,0.7624132797739002,3.155446927736242,7.732600674773184,,21.693638639004178,5.012765979816681,,5.036400928946069,,,,,,1.9264557565848888,
19 - 49,Female,North Carolina,,6.259967501279895,,15.912806586471682,19.988097781093185,,5.7664455518882285,7.765216108179428,5.249970705691429,3.923857644402219,5.4975823002356625,4.161229468987114,,12.72021405287152,1.999691887089158,0.5995623257185048,2.3606148364647224,,1.6843649181604006,,,1.229702617184734,1.776061669967649,3.1046140443144785
19 - 49,Female,North Dakota,,9.594064363286053,,13.040801941807636,9.712948215266168,,4.4671626973117,5.846075176273816,7.043647538896297,6.271784513008306,10.409330690694118,6.224408462062385,,15.447723220488923,1.1771782814683298,,2.2601147179828764,,3.5766412664304683,0.0,2.565812738068463,,2.362306176954447,
19 - 49,Female,Ohio,,9.594064363286053,,13.040801941807636,9.712948215266168,,4.4671626973117,5.846075176273816,7.043647538896297,6.271784513008306,10.409330690694118,6.224408462062385,,15.447723220488923,1.1771782814683298,,2.2601147179828764,,3.5766412664304683,0.0,2.565812738068463,,2.362306176954447,
19 - 49,Female,Oklahoma,,6.259967501279895,,15.912806586471682,19.988097781093185,,5.7664455518882285,7.765216108179428,5.249970705691429,3.923857644402219,5.4975823002356625,4.161229468987114,,12.72021405287152,1.999691887089158,0.5995623257185048,2.3606148364647224,,1.6843649181604006,,,1.229702617184734,1.776061669967649,3.1046140443144785
19 - 49,Female,Oregon,,7.405030839329241,,14.261070615692942,13.94262336082848,,7.817355600406765,12.40869035305136,6.951731405327931,3.876481367545437,3.7152717549735534,1.3959954018873229,,10.906418389068818,3.864450940801013,,2.6262579159141026,0.6591379870353906,,3.61385643180881,,3.5519088551386204,3.0037187811902086,
19 - 49,Female,Pennsylvania,,2.036954176293277,,19.27465297075229,16.402202778881044,,3.5192855715125044,1.8656775978013604,11.581504718124373,0.7624132797739002,3.155446927736242,7.732600674773184,,21.693638639004178,5.012765979816681,,5.036400928946069,,,,,,1.9264557565848888,
19 - 49,Female,Rhode Island,,2.036954176293277,,19.27465297075229,16.402202778881044,,3.5192855715125044,1.8656775978013604,11.581504718124373,0.7624132797739002,3.155446927736242,7.732600674773184,,21.693638639004178,5.012765979816681,,5.036400928946069,,,,,,1.9264557565848888,
19 - 49,Female,South Carolina,,6.259967501279895,,15.912806586471682,19.988097781093185,,5.7664455518882285,7.765216108179428,5.249970705691429,3.923857644402219,5.4975823002356625,4.161229468987114,,12.72021405287152,1.999691887089158,0.5995623257185048,2.3606148364647224,,1.6843649181604006,,,1.229702617184734,1.776061669967649,3.1046140443144785
19 - 49,Female,South Dakota,,9.594064363286053,,13.040801941807636,9.712948215266168,,4.4671626973117,5.846075176273816,7.043647538896297,6.271784513008306,10.409330690694118,6.224408462062385,,15.447723220488923,1.1771782814683298,,2.2601147179828764,,3.5766412664304683,0.0,2.565812738068463,,2.362306176954447,
19 - 49,Female,Tennessee,,6.259967501279895,,15.912806586471682,19.988097781093185,,5.7664455518882285,7.765216108179428,5.249970705691429,3.923857644402219,5.4975823002356625,4.161229468987114,,12.72021405287152,1.999691887089158,0.5995623257185048,2.3606148364647224,,1.6843649181604006,,,1.229702617184734,1.776061669967649,3.1046140443144785
19 - 49,Female,Texas,,6.259967501279895,,15.912806586471682,19.988097781093185,,5.7664455518882285,7.765216108179428,5.249970705691429,3.923857644402219,5.4975823002356625,4.161229468987114,,12.72021405287152,1.999691887089158,0.5995623257185048,2.3606148364647224,,1.6843649181604006,,,1.229702617184734,1.776061669967649,3.1046140443144785
19 - 49,Female,Utah,,7.405030839329241,,14.261070615692942,13.94262336082848,,7.817355600406765,12.40869035305136,6.951731405327931,3.876481367545437,3.7152717549735534,1.3959954018873229,,10.906418389068818,3.864450940801013,,2.6262579159141026,0.6591379870353906,,3.61385643180881,,3.5519088551386204,3.0037187811902086,
19 - 49,Female,Vermont,,2.036954176293277,,19.27465297075229,16.402202778881044,,3.5192855715125044,1.8656775978013604,11.581504718124373,0.7624132797739002,3.155446927736242,7.732600674773184,,21.693638639004178,5.012765979816681,,5.036400928946069,,,,,,1.9264557565848888,
19 - 49,Female,Virginia,,6.259967501279895,,15.912806586471682,19.988097781093185,,5.7664455518882285,7.765216108179428,5.249970705691429,3.923857644402219,5.4975823002356625,4.161229468987114,,12.72021405287152,1.999691887089158,0.5995623257185048,2.3606148364647224,,1.6843649181604006,,,1.229702617184734,1.776061669967649,3.1046140443144785
19 - 49,Female,Washington,,7.405030839329241,,14.261070615692942,13.94262336082848,,7.817355600406765,12.40869035305136,6.951731405327931,3.876481367545437,3.7152717549735534,1.3959954018873229,,10.906418389068818,3.864450940801013,,2.6262579159141026,0.6591379870353906,,3.61385643180881,,3.5519088551386204,3.0037187811902086,
19 - 49,Female,West Virginia,,6.259967501279895,,15.912806586471682,19.988097781093185,,5.7664455518882285,7.765216108179428,5.249970705691429,3.923857644402219,5.4975823002356625,4.161229468987114,,12.72021405287152,1.999691887089158,0.5995623257185048,2.3606148364647224,,1.6843649181604006,,,1.229702617184734,1.776061669967649,3.1046140443144785
19 - 49,Female,Wisconsin,,9.594064363286053,,13.040801941807636,9.712948215266168,,4.4671626973117,5.846075176273816,7.043647538896297,6.271784513008306,10.409330690694118,6.224408462062385,,15.447723220488923,1.1771782814683298,,2.2601147179828764,,3.5766412664304683,0.0,2.565812738068463,,2.362306176954447,
19 - 49,Female,Wyoming,,7.405030839329241,,14.261070615692942,13.94262336082848,,7.817355600406765,12.40869035305136,6.951731405327931,3.876481367545437,3.7152717549735534,1.3959954018873229,,10.906418389068818,3.864450940801013,,2.6262579159141026,0.6591379870353906,,3.61385643180881,,3.5519088551386204,3.0037187811902086,
19 - 49,Male,Alabama,,24.702419941460025,,28.660193338505795,17.513588200990593,,,2.9825972147262005,8.080418658075793,,9.497621778050265,1.7835935576381419,,4.766190772364343,2.013376538188855,,,,,,,,,
19 - 49,Male,Alaska,,27.24396352945912,,24.75979373411935,,,,3.7987767415056424,1.6721431283500814,,7.611727880692,,,16.579544609011446,8.67011647159726,9.663933905265102,,,,,,,,
19 - 49,Male,Arizona,,27.24396352945912,,24.75979373411935,,,,3.7987767415056424,1.6721431283500814,,7.611727880692,,,16.579544609011446,8.67011647159726,9.663933905265102,,,,,,,,
19 - 49,Male,Arkansas,,24.702419941460025,,28.660193338505795,17.513588200990593,,,2.9825972147262005,8.080418658075793,,9.497621778050265,1.7835935576381419,,4.766190772364343,2.013376538188855,,,,,,,,,
19 - 49,Male,California,,27.24396352945912,,24.75979373411935,,,,3.7987767415056424,1.6721431283500814,,7.611727880692,,,16.579544609011446,8.67011647159726,9.663933905265102,,,,,,,,
19 - 49,Male,Colorado,,27.24396352945912,,24.75979373411935,,,,3.7987767415056424,1.6721431283500814,,7.611727880692,,,16.579544609011446,8.67011647159726,9.663933905265102,,,,,,,,
19 - 49,Male,Connecticut,,5.05302986026006,,35.507066840773604,19.8338194749569,,9.786339279134209,12.91452146160169,,,,,,16.905223083273526,,,,,,,,,,
19 - 49,Male,Delaware,,24.702419941460025,,28.660193338505795,17.513588200990593,,,2.9825972147262005,8.080418658075793,,9.497621778050265,1.7835935576381419,,4.766190772364343,2.013376538188855,,,,,,,,,
19 - 49,Male,District of Columbia,,24.702419941460025,,28.660193338505795,17.513588200990593,,,2.9825972147262005,8.080418658075793,,9.497621778050265,1.7835935576381419,,4.766190772364343,2.013376538188855,,,,,,,,,
19 - 49,Male,Florida,,24.702419941460025,,28.660193338505795,17.513588200990593,,,2.9825972147262005,8.080418658075793,,9.497621778050265,1.7835935576381419,,4.766190772364343,2.013376538188855,,,,,,,,,
19 - 49,Male,Georgia,,24.702419941460025,,28.660193338505795,17.513588200990593,,,2.9825972147262005,8.080418658075793,,9.497621778050265,1.7835935576381419,,4.766190772364343,2.013376538188855,,,,,,,,,
19 - 49,Male,Hawaii,,27.24396352945912,,24.75979373411935,,,,3.7987767415056424,1.6721431283500814,,7.611727880692,,,16.579544609011446,8.67011647159726,9.663933905265102,,,,,,,,
19 - 49,Male,Idaho,,27.24396352945912,,24.75979373411935,,,,3.7987767415056424,1.6721431283500814,,7.611727880692,,,16.579544609011446,8.67011647159726,9.663933905265102,,,,,,,,
19 - 49,Male,Illinois,,,,22.07876490330511,13.815041343520226,,9.267786303654084,,4.685040191376185,,11.830527534343831,4.846155856370028,,16.86746508007282,14.614098083097202,,,,,,,,1.9951207042605175,
19 - 49,Male,Indiana,,,,22.07876490330511,13.815041343520226,,9.267786303654084,,4.685040191376185,,11.830527534343831,4.846155856370028,,16.86746508007282,14.614098083097202,,,,,,,,1.9951207042605175,
19 - 49,Male,Iowa,,,,22.07876490330511,13.815041343520226,,9.267786303654084,,4.685040191376185,,11.830527534343831,4.846155856370028,,16.86746508007282,14.614098083097202,,,,,,,,1.9951207042605175,
19 - 49,Male,Kansas,,,,22.07876490330511,13.815041343520226,,9.267786303654084,,4.685040191376185,,11.830527534343831,4.846155856370028,,16.86746508007282,14.614098083097202,,,,,,,,1.9951207042605175,
19 - 49,Male,Kentucky,,24.702419941460025,,28.660193338505795,17.513588200990593,,,2.9825972147262005,8.080418658075793,,9.497621778050265,1.7835935576381419,,4.766190772364343,2.013376538188855,,,,,,,,,
19 - 49,Male,Louisiana,,24.702419941460025,,28.660193338505795,17.513588200990593,,,2.9825972147262005,8.080418658075793,,9.497621778050265,1.7835935576381419,,4.766190772364343,2.013376538188855,,,,,,,,,
19 - 49,Male,Maine,,5.05302986026006,,35.507066840773604,19.8338194749569,,9.786339279134209,12.91452146160169,,,,,,16.905223083273526,,,,,,,,,,
19 - 49,Male,Maryland,,24.702419941460025,,28.660193338505795,17.513588200990593,,,2.9825972147262005,8.080418658075793,,9.497621778050265,1.7835935576381419,,4.766190772364343,2.013376538188855,,,,,,,,,
19 - 49,Male,Massachusetts,,5.05302986026006,,35.507066840773604,19.8338194749569,,9.786339279134209,12.91452146160169,,,,,,16.905223083273526,,,,,,,,,,
19 - 49,Male,Michigan,,,,22.07876490330511,13.815041343520226,,9.267786303654084,,4.685040191376185,,11.830527534343831,4.846155856370028,,16.86746508007282,14.614098083097202,,,,,,,,1.9951207042605175,
19 - 49,Male,Minnesota,,,,22.07876490330511,13.815041343520226,,9.267786303654084,,4.685040191376185,,11.830527534343831,4.846155856370028,,16.86746508007282,14.614098083097202,,,,,,,,1.9951207042605175,
19 - 49,Male,Mississippi,,24.702419941460025,,28.660193338505795,17.513588200990593,,,2.9825972147262005,8.080418658075793,,9.497621778050265,1.7835935576381419,,4.766190772364343,2.013376538188855,,,,,,,,,
19 - 49,Male,Missouri,,,,22.07876490330511,13.815041343520226,,9.267786303654084,,4.685040191376185,,11.830527534343831,4.846155856370028,,16.86746508007282,14.614098083097202,,,,,,,,1.9951207042605175,
19 - 49,Male,Montana,,27.24396352945912,,24.75979373411935,,,,3.7987767415056424,1.6721431283500814,,7.611727880692,,,16.579544609011446,8.67011647159726,9.663933905265102,,,,,,,,
19 - 49,Male,Nebraska,,,,22.07876490330511,13.815041343520226,,9.267786303654084,,4.685040191376185,,11.830527534343831,4.846155856370028,,16.86746508007282,14.614098083097202,,,,,,,,1.9951207042605175,
19 - 49,Male,Nevada,,27.24396352945912,,24.75979373411935,,,,3.7987767415056424,1.6721431283500814,,7.611727880692,,,16.579544609011446,8.67011647159726,9.663933905265102,,,,,,,,
19 - 49,Male,New Hampshire,,5.05302986026006,,35.507066840773604,19.8338194749569,,9.786339279134209,12.91452146160169,,,,,,16.905223083273526,,,,,,,,,,
19 - 49,Male,New Jersey,,5.05302986026006,,35.507066840773604,19.8338194749569,,9.786339279134209,12.91452146160169,,,,,,16.905223083273526,,,,,,,,,,
19 - 49,Male,New Mexico,,27.24396352945912,,24.75979373411935,,,,3.7987767415056424,1.6721431283500814,,7.611727880692,,,16.579544609011446,8.67011647159726,9.663933905265102,,,,,,,,
19 - 49,Male,New York,,5.05302986026006,,35.507066840773604,19.8338194749569,,9.786339279134209,12.91452146160169,,,,,,16.905223083273526,,,,,,,,,,
19 - 49,Male,North Carolina,,24.702419941460025,,28.660193338505795,17.513588200990593,,,2.9825972147262005,8.080418658075793,,9.497621778050265,1.7835935576381419,,4.766190772364343,2.013376538188855,,,,,,,,,
19 - 49,Male,North Dakota,,,,22.07876490330511,13.815041343520226,,9.267786303654084,,4.685040191376185,,11.830527534343831,4.846155856370028,,16.86746508007282,14.614098083097202,,,,,,,,1.9951207042605175,
19 - 49,Male,Ohio,,,,22.07876490330511,13.815041343520226,,9.267786303654084,,4.685040191376185,,11.830527534343831,4.846155856370028,,16.86746508007282,14.614098083097202,,,,,,,,1.9951207042605175,
19 - 49,Male,Oklahoma,,24.702419941460025,,28.660193338505795,17.513588200990593,,,2.9825972147262005,8.080418658075793,,9.497621778050265,1.7835935576381419,,4.766190772364343,2.013376538188855,,,,,,,,,
19 - 49,Male,Oregon,,27.24396352945912,,24.75979373411935,,,,3.7987767415056424,1.6721431283500814,,7.611727880692,,,16.579544609011446,8.67011647159726,9.663933905265102,,,,,,,,
19 - 49,Male,Pennsylvania,,5.05302986026006,,35.507066840773604,19.8338194749569,,9.786339279134209,12.91452146160169,,,,,,16.905223083273526,,,,,,,,,,
19 - 49,Male,Rhode Island,,5.05302986026006,,35.507066840773604,19.8338194749569,,9.786339279134209,12.91452146160169,,,,,,16.905223083273526,,,,,,,,,,
19 - 49,Male,South Carolina,,24.702419941460025,,28.660193338505795,17.513588200990593,,,2.9825972147262005,8.080418658075793,,9.497621778050265,1.7835935576381419,,4.766190772364343,2.013376538188855,,,,,,,,,
19 - 49,Male,South Dakota,,,,22.07876490330511,13.815041343520226,,9.267786303654084,,4.685040191376185,,11.830527534343831,4.846155856370028,,16.86746508007282,14.614098083097202,,,,,,,,1.9951207042605175,
19 - 49,Male,Tennessee,,24.702419941460025,,28.660193338505795,17.513588200990593,,,2.9825972147262005,8.080418658075793,,9.497621778050265,1.7835935576381419,,4.766190772364343,2.013376538188855,,,,,,,,,
19 - 49,Male,Texas,,24.702419941460025,,28.660193338505795,17.513588200990593,,,2.9825972147262005,8.080418658075793,,9.497621778050265,1.7835935576381419,,4.766190772364343,2.013376538188855,,,,,,,,,
19 - 49,Male,Utah,,27.24396352945912,,24.75979373411935,,,,3.7987767415056424,1.6721431283500814,,7.611727880692,,,16.579544609011446,8.67011647159726,9.663933905265102,,,,,,,,
19 - 49,Male,Vermont,,5.05302986026006,,35.507066840773604,19.8338194749569,,9.786339279134209,12.91452146160169,,,,,,16.905223083273526,,,,,,,,,,
19 - 49,Male,Virginia,,24.702419941460025,,28.660193338505795,17.513588200990593,,,2.9825972147262005,8.080418658075793,,9.497621778050265,1.7835935576381419,,4.766190772364343,2.013376538188855,,,,,,,,,
19 - 49,Male,Washington,,27.24396352945912,,24.75979373411935,,,,3.7987767415056424,1.6721431283500814,,7.611727880692,,,16.579544609011446,8.67011647159726,9.663933905265102,,,,,,,,
19 - 49,Male,West Virginia,,24.702419941460025,,28.660193338505795,17.513588200990593,,,2.9825972147262005,8.080418658075793,,9.497621778050265,1.7835935576381419,,4.766190772364343,2.013376538188855,,,,,,,,,
19 - 49,Male,Wisconsin,,,,22.07876490330511,13.815041343520226,,9.267786303654084,,4.685040191376185,,11.830527534343831,4.846155856370028,,16.86746508007282,14.614098083097202,,,,,,,,1.9951207042605175,
19 - 49,Male,Wyoming,,27.24396352945912,,24.75979373411935,,,,3.7987767415056424,1.6721431283500814,,7.611727880692,,,16.579544609011446,8.67011647159726,9.663933905265102,,,,,,,,
4 - 7,Female,Alabama,,100.0,,,,,,,,,,,,,,,,,,,,,,
4 - 7,Female,Arkansas,,100.0,,,,,,,,,,,,,,,,,,,,,,
4 - 7,Female,Delaware,,100.0,,,,,,,,,,,,,,,,,,,,,,
4 - 7,Female,District of Columbia,,100.0,,,,,,,,,,,,,,,,,,,,,,
4 - 7,Female,Florida,,100.0,,,,,,,,,,,,,,,,,,,,,,
4 - 7,Female,Georgia,,100.0,,,,,,,,,,,,,,,,,,,,,,
4 - 7,Female,Illinois,,,,,,,100.0,,,,,,,,,,,,,,,,,
4 - 7,Female,Indiana,,,,,,,100.0,,,,,,,,,,,,,,,,,
4 - 7,Female,Iowa,,,,,,,100.0,,,,,,,,,,,,,,,,,
4 - 7,Female,Kansas,,,,,,,100.0,,,,,,,,,,,,,,,,,
4 - 7,Female,Kentucky,,100.0,,,,,,,,,,,,,,,,,,,,,,
4 - 7,Female,Louisiana,,100.0,,,,,,,,,,,,,,,,,,,,,,
4 - 7,Female,Maryland,,100.0,,,,,,,,,,,,,,,,,,,,,,
4 - 7,Female,Michigan,,,,,,,100.0,,,,,,,,,,,,,,,,,
4 - 7,Female,Minnesota,,,,,,,100.0,,,,,,,,,,,,,,,,,
4 - 7,Female,Mississippi,,100.0,,,,,,,,,,,,,,,,,,,,,,
4 - 7,Female,Missouri,,,,,,,100.0,,,,,,,,,,,,,,,,,
4 - 7,Female,Nebraska,,,,,,,100.0,,,,,,,,,,,,,,,,,
4 - 7,Female,North Carolina,,100.0,,,,,,,,,,,,,,,,,,,,,,
4 - 7,Female,North Dakota,,,,,,,100.0,,,,,,,,,,,,,,,,,
4 - 7,Female,Ohio,,,,,,,100.0,,,,,,,,,,,,,,,,,
4 - 7,Female,Oklahoma,,100.0,,,,,,,,,,,,,,,,,,,,,,
4 - 7,Female,South Carolina,,100.0,,,,,,,,,,,,,,,,,,,,,,
4 - 7,Female,South Dakota,,,,,,,100.0,,,,,,,,,,,,,,,,,
4 - 7,Female,Tennessee,,100.0,,,,,,,,,,,,,,,,,,,,,,
4 - 7,Female,Texas,,100.0,,,,,,,,,,,,,,,,,,,,,,
4 - 7,Female,Virginia,,100.0,,,,,,,,,,,,,,,,,,,,,,
4 - 7,Female,West Virginia,,100.0,,,,,,,,,,,,,,,,,,,,,,
4 - 7,Female,Wisconsin,,,,,,,100.0,,,,,,,,,,,,,,,,,
4 - 7,Male,Illinois,,100.0,,,,,,,,,,,,,,,,,,,,,,
4 - 7,Male,Indiana,,100.0,,,,,,,,,,,,,,,,,,,,,,
4 - 7,Male,Iowa,,100.0,,,,,,,,,,,,,,,,,,,,,,
4 - 7,Male,Kansas,,100.0,,,,,,,,,,,,,,,,,,,,,,
4 - 7,Male,Michigan,,100.0,,,,,,,,,,,,,,,,,,,,,,
4 - 7,Male,Minnesota,,100.0,,,,,,,,,,,,,,,,,,,,,,
4 - 7,Male,Missouri,,100.0,,,,,,,,,,,,,,,,,,,,,,
4 - 7,Male,Nebraska,,100.0,,,,,,,,,,,,,,,,,,,,,,
4 - 7,Male,North Dakota,,100.0,,,,,,,,,,,,,,,,,,,,,,
4 - 7,Male,Ohio,,100.0,,,,,,,,,,,,,,,,,,,,,,
4 - 7,Male,South Dakota,,100.0,,,,,,,,,,,,,,,,,,,,,,
4 - 7,Male,Wisconsin,,100.0,,,,,,,,,,,,,,,,,,,,,,
50 - 64,Female,Alabama,,4.991599771808528,,11.95443702598356,21.415473963698716,,8.231209302877227,7.243011217262703,7.084462145480572,3.722542429311351,5.2988369374678355,4.400633585287267,0.278364471681424,12.554477658344112,1.3409072360069132,,2.8588092476554765,,2.185189696798255,0.39264565734092116,,1.6248285233273512,1.9222074323769403,2.5003636972908354
50 - 64,Female,Alaska,,7.025116537142405,,17.137470686530754,8.772933467660359,1.0106792624714456,11.107559029804559,9.011314210588079,10.446841771399642,3.276137872042447,4.452179267278469,2.090752924219522,,6.28298159496137,1.2820578563740541,,2.1409000084401217,1.3882823638062691,4.548966609386596,0.634851575663374,,1.4882133780003444,4.472821654145931,3.4299399300842706
50 - 64,Female,Arizona,,7.025116537142405,,17.137470686530754,8.772933467660359,1.0106792624714456,11.107559029804559,9.011314210588079,10.446841771399642,3.276137872042447,4.452179267278469,2.090752924219522,,6.28298159496137,1.2820578563740541,,2.1409000084401217,1.3882823638062691,4.548966609386596,0.634851575663374,,1.4882133780003444,4.472821654145931,3.4299399300842706
50 - 64,Female,Arkansas,,4.991599771808528,,11.95443702598356,21.415473963698716,,8.231209302877227,7.243011217262703,7.084462145480572,3.722542429311351,5.2988369374678355,4.400633585287267,0.278364471681424,12.554477658344112,1.3409072360069132,,2.8588092476554765,,2.185189696798255,0.39264565734092116,,1.6248285233273512,1.9222074323769403,2.5003636972908354
50 - 64,Female,California,,7.025116537142405,,17.137470686530754,8.772933467660359,1.0106792624714456,11.107559029804559,9.011314210588079,10.446841771399642,3.276137872042447,4.452179267278469,2.090752924219522,,6.28298159496137,1.2820578563740541,,2.1409000084401217,1.3882823638062691,4.548966609386596,0.634851575663374,,1.4882133780003444,4.472821654145931,3.4299399300842706
50 - 64,Female,Colorado,,7.025116537142405,,17.137470686530754,8.772933467660359,1.0106792624714456,11.107559029804559,9.011314210588079,10.446841771399642,3.276137872042447,4.452179267278469,2.090752924219522,,6.28298159496137,1.2820578563740541,,2.1409000084401217,1.3882823638062691,4.548966609386596,0.634851575663374,,1.4882133780003444,4.472821654145931,3.4299399300842706
50 - 64,Female,Connecticut,,4.0871660229068425,,19.14227656807066,8.37370173549543,,7.841662988735347,13.40496520426267,11.975949896136358,1.6545897703146568,5.373400356425222,2.348663268013164,,9.833934330023048,9.487018381083601,,2.4286386610075006,,,,,,3.938890874496423,0.10914194302906585
50 - 64,Female,Delaware,,4.991599771808528,,11.95443702598356,21.415473963698716,,8.231209302877227,7.243011217262703,7.084462145480572,3.722542429311351,5.2988369374678355,4.400633585287267,0.278364471681424,12.554477658344112,1.3409072360069132,,2.8588092476554765,,2.185189696798255,0.39264565734092116,,1.6248285233273512,1.9222074323769403,2.5003636972908354
50 - 64,Female,District of Columbia,,4.991599771808528,,11.95443702598356,21.415473963698716,,8.231209302877227,7.243011217262703,7.084462145480572,3.722542429311351,5.2988369374678355,4.400633585287267,0.278364471681424,12.554477658344112,1.3409072360069132,,2.8588092476554765,,2.185189696798255,0.39264565734092116,,1.6248285233273512,1.9222074323769403,2.5003636972908354
50 - 64,Female,Florida,,4.991599771808528,,11.95443702598356,21.415473963698716,,8.231209302877227,7.243011217262703,7.084462145480572,3.722542429311351,5.2988369374678355,4.400633585287267,0.278364471681424,12.554477658344112,1.3409072360069132,,2.8588092476554765,,2.185189696798255,0.39264565734092116,,1.6248285233273512,1.9222074323769403,2.5003636972908354
50 - 64,Female,Georgia,,4.991599771808528,,11.95443702598356,21.415473963698716,,8.231209302877227,7.243011217262703,7.084462145480572,3.722542429311351,5.2988369374678355,4.400633585287267,0.278364471681424,12.554477658344112,1.3409072360069132,,2.8588092476554765,,2.185189696798255,0.39264565734092116,,1.6248285233273512,1.9222074323769403,2.5003636972908354
50 - 64,Female,Hawaii,,7.025116537142405,,17.137470686530754,8.772933467660359,1.0106792624714456,11.107559029804559,9.011314210588079,10.446841771399642,3.276137872042447,4.452179267278469,2.090752924219522,,6.28298159496137,1.2820578563740541,,2.1409000084401217,1.3882823638062691,4.548966609386596,0.634851575663374,,1.4882133780003444,4.472821654145931,3.4299399300842706
50 - 64,Female,Idaho,,7.025116537142405,,17.137470686530754,8.772933467660359,1.0106792624714456,11.107559029804559,9.011314210588079,10.446841771399642,3.276137872042447,4.452179267278469,2.090752924219522,,6.28298159496137,1.2820578563740541,,2.1409000084401217,1.3882823638062691,4.548966609386596,0.634851575663374,,1.4882133780003444,4.472821654145931,3.4299399300842706
50 - 64,Female,Illinois,1.1785518664029448,2.6597806468466296,,8.85882098596049,18.275774677932493,,10.837213494959038,5.654634235608101,2.050339975154497,7.438815413132212,8.004953495397917,4.352093470892193,,18.004348507944723,3.5294939397383325,,1.0960865160001212,,1.8427950416896572,1.7904023642758677,,,4.425895368064787,
50 - 64,Female,Indiana,1.1785518664029448,2.6597806468466296,,8.85882098596049,18.275774677932493,,10.837213494959038,5.654634235608101,2.050339975154497,7.438815413132212,8.004953495397917,4.352093470892193,,18.004348507944723,3.5294939397383325,,1.0960865160001212,,1.8427950416896572,1.7904023642758677,,,4.425895368064787,
50 - 64,Female,Iowa,1.1785518664029448,2.6597806468466296,,8.85882098596049,18.275774677932493,,10.837213494959038,5.654634235608101,2.050339975154497,7.438815413132212,8.004953495397917,4.352093470892193,,18.004348507944723,3.5294939397383325,,1.0960865160001212,,1.8427950416896572,1.7904023642758677,,,4.425895368064787,
50 - 64,Female,Kansas,1.1785518664029448,2.6597806468466296,,8.85882098596049,18.275774677932493,,10.837213494959038,5.654634235608101,2.050339975154497,7.438815413132212,8.004953495397917,4.352093470892193,,18.004348507944723,3.5294939397383325,,1.0960865160001212,,1.8427950416896572,1.7904023642758677,,,4.425895368064787,
50 - 64,Female,Kentucky,,4.991599771808528,,11.95443702598356,21.415473963698716,,8.231209302877227,7.243011217262703,7.084462145480572,3.722542429311351,5.2988369374678355,4.400633585287267,0.278364471681424,12.554477658344112,1.3409072360069132,,2.8588092476554765,,2.185189696798255,0.39264565734092116,,1.6248285233273512,1.9222074323769403,2.5003636972908354
50 - 64,Female,Louisiana,,4.991599771808528,,11.95443702598356,21.415473963698716,,8.231209302877227,7.243011217262703,7.084462145480572,3.722542429311351,5.2988369374678355,4.400633585287267,0.278364471681424,12.554477658344112,1.3409072360069132,,2.8588092476554765,,2.185189696798255,0.39264565734092116,,1.6248285233273512,1.9222074323769403,2.5003636972908354
50 - 64,Female,Maine,,4.0871660229068425,,19.14227656807066,8.37370173549543,,7.841662988735347,13.40496520426267,11.975949896136358,1.6545897703146568,5.373400356425222,2.348663268013164,,9.833934330023048,9.487018381083601,,2.4286386610075006,,,,,,3.938890874496423,0.10914194302906585
50 - 64,Female,Maryland,,4.991599771808528,,11.95443702598356,21.415473963698716,,8.231209302877227,7.243011217262703,7.084462145480572,3.722542429311351,5.2988369374678355,4.400633585287267,0.278364471681424,12.554477658344112,1.3409072360069132,,2.8588092476554765,,2.185189696798255,0.39264565734092116,,1.6248285233273512,1.9222074323769403,2.5003636972908354
50 - 64,Female,Massachusetts,,4.0871660229068425,,19.14227656807066,8.37370173549543,,7.841662988735347,13.40496520426267,11.975949896136358,1.6545897703146568,5.373400356425222,2.348663268013164,,9.833934330023048,9.487018381083601,,2.4286386610075006,,,,,,3.938890874496423,0.10914194302906585
50 - 64,Female,Michigan,1.1785518664029448,2.6597806468466296,,8.85882098596049,18.275774677932493,,10.837213494959038,5.654634235608101,2.050339975154497,7.438815413132212,8.004953495397917,4.352093470892193,,18.004348507944723,3.5294939397383325,,1.0960865160001212,,1.8427950416896572,1.7904023642758677,,,4.425895368064787,
50 - 64,Female,Minnesota,1.1785518664029448,2.6597806468466296,,8.85882098596049,18.275774677932493,,10.837213494959038,5.654634235608101,2.050339975154497,7.438815413132212,8.004953495397917,4.352093470892193,,18.004348507944723,3.5294939397383325,,1.0960865160001212,,1.8427950416896572,1.7904023642758677,,,4.425895368064787,
50 - 64,Female,Mississippi,,4.991599771808528,,11.95443702598356,21.415473963698716,,8.231209302877227,7.243011217262703,7.084462145480572,3.722542429311351,5.2988369374678355,4.400633585287267,0.278364471681424,12.554477658344112,1.3409072360069132,,2.8588092476554765,,2.185189696798255,0.39264565734092116,,1.6248285233273512,1.9222074323769403,2.5003636972908354
50 - 64,Female,Missouri,1.1785518664029448,2.6597806468466296,,8.85882098596049,18.275774677932493,,10.837213494959038,5.654634235608101,2.050339975154497,7.438815413132212,8.004953495397917,4.352093470892193,,18.004348507944723,3.5294939397383325,,1.0960865160001212,,1.8427950416896572,1.7904023642758677,,,4.425895368064787,
50 - 64,Female,Montana,,7.025116537142405,,17.137470686530754,8.772933467660359,1.0106792624714456,11.107559029804559,9.011314210588079,10.446841771399642,3.276137872042447,4.452179267278469,2.090752924219522,,6.28298159496137,1.2820578563740541,,2.1409000084401217,1.3882823638062691,4.548966609386596,0.634851575663374,,1.4882133780003444,4.472821654145931,3.4299399300842706
50 - 64,Female,Nebraska,1.1785518664029448,2.6597806468466296,,8.85882098596049,18.275774677932493,,10.837213494959038,5.654634235608101,2.050339975154497,7.438815413132212,8.004953495397917,4.352093470892193,,18.004348507944723,3.5294939397383325,,1.0960865160001212,,1.8427950416896572,1.7904023642758677,,,4.425895368064787,
50 - 64,Female,Nevada,,7.025116537142405,,17.137470686530754,8.772933467660359,1.0106792624714456,11.107559029804559,9.011314210588079,10.446841771399642,3.276137872042447,4.452179267278469,2.090752924219522,,6.28298159496137,1.2820578563740541,,2.1409000084401217,1.3882823638062691,4.548966609386596,0.634851575663374,,1.4882133780003444,4.472821654145931,3.4299399300842706
50 - 64,Female,New Hampshire,,4.0871660229068425,,19.14227656807066,8.37370173549543,,7.841662988735347,13.40496520426267,11.975949896136358,1.6545897703146568,5.373400356425222,2.348663268013164,,9.833934330023048,9.487018381083601,,2.4286386610075006,,,,,,3.938890874496423,0.10914194302906585
50 - 64,Female,New Jersey,,4.0871660229068425,,19.14227656807066,8.37370173549543,,7.841662988735347,13.40496520426267,11.975949896136358,1.6545897703146568,5.373400356425222,2.348663268013164,,9.833934330023048,9.487018381083601,,2.4286386610075006,,,,,,3.938890874496423,0.10914194302906585
50 - 64,Female,New Mexico,,7.025116537142405,,17.137470686530754,8.772933467660359,1.0106792624714456,11.107559029804559,9.011314210588079,10.446841771399642,3.276137872042447,4.452179267278469,2.090752924219522,,6.28298159496137,1.2820578563740541,,2.1409000084401217,1.3882823638062691,4.548966609386596,0.634851575663374,,1.4882133780003444,4.472821654145931,3.4299399300842706
50 - 64,Female,New York,,4.0871660229068425,,19.14227656807066,8.37370173549543,,7.841662988735347,13.40496520426267,11.975949896136358,1.6545897703146568,5.373400356425222,2.348663268013164,,9.833934330023048,9.487018381083601,,2.4286386610075006,,,,,,3.938890874496423,0.10914194302906585
50 - 64,Female,North Carolina,,4.991599771808528,,11.95443702598356,21.415473963698716,,8.231209302877227,7.243011217262703,7.084462145480572,3.722542429311351,5.2988369374678355,4.400633585287267,0.278364471681424,12.554477658344112,1.3409072360069132,,2.8588092476554765,,2.185189696798255,0.39264565734092116,,1.6248285233273512,1.9222074323769403,2.5003636972908354
50 - 64,Female,North Dakota,1.1785518664029448,2.6597806468466296,,8.85882098596049,18.275774677932493,,10.837213494959038,5.654634235608101,2.050339975154497,7.438815413132212,8.004953495397917,4.352093470892193,,18.004348507944723,3.5294939397383325,,1.0960865160001212,,1.8427950416896572,1.7904023642758677,,,4.425895368064787,
50 - 64,Female,Ohio,1.1785518664029448,2.6597806468466296,,8.85882098596049,18.275774677932493,,10.837213494959038,5.654634235608101,2.050339975154497,7.438815413132212,8.004953495397917,4.352093470892193,,18.004348507944723,3.5294939397383325,,1.0960865160001212,,1.8427950416896572,1.7904023642758677,,,4.425895368064787,
50 - 64,Female,Oklahoma,,4.991599771808528,,11.95443702598356,21.415473963698716,,8.231209302877227,7.243011217262703,7.084462145480572,3.722542429311351,5.2988369374678355,4.400633585287267,0.278364471681424,12.554477658344112,1.3409072360069132,,2.8588092476554765,,2.185189696798255,0.39264565734092116,,1.6248285233273512,1.9222074323769403,2.5003636972908354
50 - 64,Female,Oregon,,7.025116537142405,,17.137470686530754,8.772933467660359,1.0106792624714456,11.107559029804559,9.011314210588079,10.446841771399642,3.276137872042447,4.452179267278469,2.090752924219522,,6.28298159496137,1.2820578563740541,,2.1409000084401217,1.3882823638062691,4.548966609386596,0.634851575663374,,1.4882133780003444,4.472821654145931,3.4299399300842706
50 - 64,Female,Pennsylvania,,4.0871660229068425,,19.14227656807066,8.37370173549543,,7.841662988735347,13.40496520426267,11.975949896136358,1.6545897703146568,5.373400356425222,2.348663268013164,,9.833934330023048,9.487018381083601,,2.4286386610075006,,,,,,3.938890874496423,0.10914194302906585
50 - 64,Female,Rhode Island,,4.0871660229068425,,19.14227656807066,8.37370173549543,,7.841662988735347,13.40496520426267,11.975949896136358,1.6545897703146568,5.373400356425222,2.348663268013164,,9.833934330023048,9.487018381083601,,2.4286386610075006,,,,,,3.938890874496423,0.10914194302906585
50 - 64,Female,South Carolina,,4.991599771808528,,11.95443702598356,21.415473963698716,,8.231209302877227,7.243011217262703,7.084462145480572,3.722542429311351,5.2988369374678355,4.400633585287267,0.278364471681424,12.554477658344112,1.3409072360069132,,2.8588092476554765,,2.185189696798255,0.39264565734092116,,1.6248285233273512,1.9222074323769403,2.5003636972908354
50 - 64,Female,South Dakota,1.1785518664029448,2.6597806468466296,,8.85882098596049,18.275774677932493,,10.837213494959038,5.654634235608101,2.050339975154497,7.438815413132212,8.004953495397917,4.352093470892193,,18.004348507944723,3.5294939397383325,,1.0960865160001212,,1.8427950416896572,1.7904023642758677,,,4.425895368064787,
50 - 64,Female,Tennessee,,4.991599771808528,,11.95443702598356,21.415473963698716,,8.231209302877227,7.243011217262703,7.084462145480572,3.722542429311351,5.2988369374678355,4.400633585287267,0.278364471681424,12.554477658344112,1.3409072360069132,,2.8588092476554765,,2.185189696798255,0.39264565734092116,,1.6248285233273512,1.9222074323769403,2.5003636972908354
50 - 64,Female,Texas,,4.991599771808528,,11.95443702598356,21.415473963698716,,8.231209302877227,7.243011217262703,7.084462145480572,3.722542429311351,5.2988369374678355,4.400633585287267,0.278364471681424,12.554477658344112,1.3409072360069132,,2.8588092476554765,,2.185189696798255,0.39264565734092116,,1.6248285233273512,1.9222074323769403,2.5003636972908354
50 - 64,Female,Utah,,7.025116537142405,,17.137470686530754,8.772933467660359,1.0106792624714456,11.107559029804559,9.011314210588079,10.446841771399642,3.276137872042447,4.452179267278469,2.090752924219522,,6.28298159496137,1.2820578563740541,,2.1409000084401217,1.3882823638062691,4.548966609386596,0.634851575663374,,1.4882133780003444,4.472821654145931,3.4299399300842706
50 - 64,Female,Vermont,,4.0871660229068425,,19.14227656807066,8.37370173549543,,7.841662988735347,13.40496520426267,11.975949896136358,1.6545897703146568,5.373400356425222,2.348663268013164,,9.833934330023048,9.487018381083601,,2.4286386610075006,,,,,,3.938890874496423,0.10914194302906585
50 - 64,Female,Virginia,,4.991599771808528,,11.95443702598356,21.415473963698716,,8.231209302877227,7.243011217262703,7.084462145480572,3.722542429311351,5.2988369374678355,4.400633585287267,0.278364471681424,12.554477658344112,1.3409072360069132,,2.8588092476554765,,2.185189696798255,0.39264565734092116,,1.6248285233273512,1.9222074323769403,2.5003636972908354
50 - 64,Female,Washington,,7.025116537142405,,17.137470686530754,8.772933467660359,1.0106792624714456,11.107559029804559,9.011314210588079,10.446841771399642,3.276137872042447,4.452179267278469,2.090752924219522,,6.28298159496137,1.2820578563740541,,2.1409000084401217,1.3882823638062691,4.548966609386596,0.634851575663374,,1.4882133780003444,4.472821654145931,3.4299399300842706
50 - 64,Female,West Virginia,,4.991599771808528,,11.95443702598356,21.415473963698716,,8.231209302877227,7.243011217262703,7.084462145480572,3.722542429311351,5.2988369374678355,4.400633585287267,0.278364471681424,12.554477658344112,1.3409072360069132,,2.8588092476554765,,2.185189696798255,0.39264565734092116,,1.6248285233273512,1.9222074323769403,2.5003636972908354
50 - 64,Female,Wisconsin,1.1785518664029448,2.6597806468466296,,8.85882098596049,18.275774677932493,,10.837213494959038,5.654634235608101,2.050339975154497,7.438815413132212,8.004953495397917,4.352093470892193,,18.004348507944723,3.5294939397383325,,1.0960865160001212,,1.8427950416896572,1.7904023642758677,,,4.425895368064787,
50 - 64,Female,Wyoming,,7.025116537142405,,17.137470686530754,8.772933467660359,1.0106792624714456,11.107559029804559,9.011314210588079,10.446841771399642,3.276137872042447,4.452179267278469,2.090752924219522,,6.28298159496137,1.2820578563740541,,2.1409000084401217,1.3882823638062691,4.548966609386596,0.634851575663374,,1.4882133780003444,4.472821654145931,3.4299399300842706
50 - 64,Male,Alabama,,3.5027465159233104,,10.568793987071928,4.664687201571324,,3.090978783340339,15.409657695572648,21.300371359202906,2.008392503204784,3.833099718154072,7.364862086283136,,9.951025910086516,10.55196332038725,1.1405001466201106,,4.523937504798367,,,,2.0889832677832962,,
50 - 64,Male,Alaska,,13.844574496761217,,15.933768031513823,11.510744009146594,,,6.224792333741876,9.687733769051986,2.114178523382594,3.9778453377438274,15.942009665083267,,6.067386511228085,9.625346769886086,,2.91410325489757,,,,,2.1575172975630883,,
50 - 64,Male,Arizona,,13.844574496761217,,15.933768031513823,11.510744009146594,,,6.224792333741876,9.687733769051986,2.114178523382594,3.9778453377438274,15.942009665083267,,6.067386511228085,9.625346769886086,,2.91410325489757,,,,,2.1575172975630883,,
50 - 64,Male,Arkansas,,3.5027465159233104,,10.568793987071928,4.664687201571324,,3.090978783340339,15.409657695572648,21.300371359202906,2.008392503204784,3.833099718154072,7.364862086283136,,9.951025910086516,10.55196332038725,1.1405001466201106,,4.523937504798367,,,,2.0889832677832962,,
50 - 64,Male,California,,13.844574496761217,,15.933768031513823,11.510744009146594,,,6.224792333741876,9.687733769051986,2.114178523382594,3.9778453377438274,15.942009665083267,,6.067386511228085,9.625346769886086,,2.91410325489757,,,,,2.1575172975630883,,
50 - 64,Male,Colorado,,13.844574496761217,,15.933768031513823,11.510744009146594,,,6.224792333741876,9.687733769051986,2.114178523382594,3.9778453377438274,15.942009665083267,,6.067386511228085,9.625346769886086,,2.91410325489757,,,,,2.1575172975630883,,
50 - 64,Male,Connecticut,,6.444935348289194,,27.91545287979222,25.004604247176715,,16.810631872236243,,9.282642448127918,4.206343665807409,3.629399317392248,,,6.705990221178053,,,,,,,,,,
50 - 64,Male,Delaware,,3.5027465159233104,,10.568793987071928,4.664687201571324,,3.090978783340339,15.409657695572648,21.300371359202906,2.008392503204784,3.833099718154072,7.364862086283136,,9.951025910086516,10.55196332038725,1.1405001466201106,,4.523937504798367,,,,2.0889832677832962,,
50 - 64,Male,District of Columbia,,3.5027465159233104,,10.568793987071928,4.664687201571324,,3.090978783340339,15.409657695572648,21.300371359202906,2.008392503204784,3.833099718154072,7.364862086283136,,9.951025910086516,10.55196332038725,1.1405001466201106,,4.523937504798367,,,,2.0889832677832962,,
50 - 64,Male,Florida,,3.5027465159233104,,10.568793987071928,4.664687201571324,,3.090978783340339,15.409657695572648,21.300371359202906,2.008392503204784,3.833099718154072,7.364862086283136,,9.951025910086516,10.55196332038725,1.1405001466201106,,4.523937504798367,,,,2.0889832677832962,,
50 - 64,Male,Georgia,,3.5027465159233104,,10.568793987071928,4.664687201571324,,3.090978783340339,15.409657695572648,21.300371359202906,2.008392503204784,3.833099718154072,7.364862086283136,,9.951025910086516,10.55196332038725,1.1405001466201106,,4.523937504798367,,,,2.0889832677832962,,
50 - 64,Male,Hawaii,,13.844574496761217,,15.933768031513823,11.510744009146594,,,6.224792333741876,9.687733769051986,2.114178523382594,3.9778453377438274,15.942009665083267,,6.067386511228085,9.625346769886086,,2.91410325489757,,,,,2.1575172975630883,,
50 - 64,Male,Idaho,,13.844574496761217,,15.933768031513823,11.510744009146594,,,6.224792333741876,9.687733769051986,2.114178523382594,3.9778453377438274,15.942009665083267,,6.067386511228085,9.625346769886086,,2.91410325489757,,,,,2.1575172975630883,,
50 - 64,Male,Illinois,,9.083588862987396,,16.070608962464267,20.737719645375538,,6.878679424858945,,,5.3512788234178865,11.912909610556783,16.814899966889527,,7.7959860029724135,5.3543287004772555,,,,,,,,,
50 - 64,Male,Indiana,,9.083588862987396,,16.070608962464267,20.737719645375538,,6.878679424858945,,,5.3512788234178865,11.912909610556783,16.814899966889527,,7.7959860029724135,5.3543287004772555,,,,,,,,,
50 - 64,Male,Iowa,,9.083588862987396,,16.070608962464267,20.737719645375538,,6.878679424858945,,,5.3512788234178865,11.912909610556783,16.814899966889527,,7.7959860029724135,5.3543287004772555,,,,,,,,,
50 - 64,Male,Kansas,,9.083588862987396,,16.070608962464267,20.737719645375538,,6.878679424858945,,,5.3512788234178865,11.912909610556783,16.814899966889527,,7.7959860029724135,5.3543287004772555,,,,,,,,,
50 - 64,Male,Kentucky,,3.5027465159233104,,10.568793987071928,4.664687201571324,,3.090978783340339,15.409657695572648,21.300371359202906,2.008392503204784,3.833099718154072,7.364862086283136,,9.951025910086516,10.55196332038725,1.1405001466201106,,4.523937504798367,,,,2.0889832677832962,,
50 - 64,Male,Louisiana,,3.5027465159233104,,10.568793987071928,4.664687201571324,,3.090978783340339,15.409657695572648,21.300371359202906,2.008392503204784,3.833099718154072,7.364862086283136,,9.951025910086516,10.55196332038725,1.1405001466201106,,4.523937504798367,,,,2.0889832677832962,,
50 - 64,Male,Maine,,6.444935348289194,,27.91545287979222,25.004604247176715,,16.810631872236243,,9.282642448127918,4.206343665807409,3.629399317392248,,,6.705990221178053,,,,,,,,,,
50 - 64,Male,Maryland,,3.5027465159233104,,10.568793987071928,4.664687201571324,,3.090978783340339,15.409657695572648,21.300371359202906,2.008392503204784,3.833099718154072,7.364862086283136,,9.951025910086516,10.55196332038725,1.1405001466201106,,4.523937504798367,,,,2.0889832677832962,,
50 - 64,Male,Massachusetts,,6.444935348289194,,27.91545287979222,25.004604247176715,,16.810631872236243,,9.282642448127918,4.206343665807409,3.629399317392248,,,6.705990221178053,,,,,,,,,,
50 - 64,Male,Michigan,,9.083588862987396,,16.070608962464267,20.737719645375538,,6.878679424858945,,,5.3512788234178865,11.912909610556783,16.814899966889527,,7.7959860029724135,5.3543287004772555,,,,,,,,,
50 - 64,Male,Minnesota,,9.083588862987396,,16.070608962464267,20.737719645375538,,6.878679424858945,,,5.3512788234178865,11.912909610556783,16.814899966889527,,7.7959860029724135,5.3543287004772555,,,,,,,,,
50 - 64,Male,Mississippi,,3.5027465159233104,,10.568793987071928,4.664687201571324,,3.090978783340339,15.409657695572648,21.300371359202906,2.008392503204784,3.833099718154072,7.364862086283136,,9.951025910086516,10.55196332038725,1.1405001466201106,,4.523937504798367,,,,2.0889832677832962,,
50 - 64,Male,Missouri,,9.083588862987396,,16.070608962464267,20.737719645375538,,6.878679424858945,,,5.3512788234178865,11.912909610556783,16.814899966889527,,7.7959860029724135,5.3543287004772555,,,,,,,,,
50 - 64,Male,Montana,,13.844574496761217,,15.933768031513823,11.510744009146594,,,6.224792333741876,9.687733769051986,2.114178523382594,3.9778453377438274,15.942009665083267,,6.067386511228085,9.625346769886086,,2.91410325489757,,,,,2.1575172975630883,,
50 - 64,Male,Nebraska,,9.083588862987396,,16.070608962464267,20.737719645375538,,6.878679424858945,,,5.3512788234178865,11.912909610556783,16.814899966889527,,7.7959860029724135,5.3543287004772555,,,,,,,,,
50 - 64,Male,Nevada,,13.844574496761217,,15.933768031513823,11.510744009146594,,,6.224792333741876,9.687733769051986,2.114178523382594,3.9778453377438274,15.942009665083267,,6.067386511228085,9.625346769886086,,2.91410325489757,,,,,2.1575172975630883,,
50 - 64,Male,New Hampshire,,6.444935348289194,,27.91545287979222,25.004604247176715,,16.810631872236243,,9.282642448127918,4.206343665807409,3.629399317392248,,,6.705990221178053,,,,,,,,,,
50 - 64,Male,New Jersey,,6.444935348289194,,27.91545287979222,25.004604247176715,,16.810631872236243,,9.282642448127918,4.206343665807409,3.629399317392248,,,6.705990221178053,,,,,,,,,,
50 - 64,Male,New Mexico,,13.844574496761217,,15.933768031513823,11.510744009146594,,,6.224792333741876,9.687733769051986,2.114178523382594,3.9778453377438274,15.942009665083267,,6.067386511228085,9.625346769886086,,2.91410325489757,,,,,2.1575172975630883,,
50 - 64,Male,New York,,6.444935348289194,,27.91545287979222,25.004604247176715,,16.810631872236243,,9.282642448127918,4.206343665807409,3.629399317392248,,,6.705990221178053,,,,,,,,,,
50 - 64,Male,North Carolina,,3.5027465159233104,,10.568793987071928,4.664687201571324,,3.090978783340339,15.409657695572648,21.300371359202906,2.008392503204784,3.833099718154072,7.364862086283136,,9.951025910086516,10.55196332038725,1.1405001466201106,,4.523937504798367,,,,2.0889832677832962,,
50 - 64,Male,North Dakota,,9.083588862987396,,16.070608962464267,20.737719645375538,,6.878679424858945,,,5.3512788234178865,11.912909610556783,16.814899966889527,,7.7959860029724135,5.3543287004772555,,,,,,,,,
50 - 64,Male,Ohio,,9.083588862987396,,16.070608962464267,20.737719645375538,,6.878679424858945,,,5.3512788234178865,11.912909610556783,16.814899966889527,,7.7959860029724135,5.3543287004772555,,,,,,,,,
50 - 64,Male,Oklahoma,,3.5027465159233104,,10.568793987071928,4.664687201571324,,3.090978783340339,15.409657695572648,21.300371359202906,2.008392503204784,3.833099718154072,7.364862086283136,,9.951025910086516,10.55196332038725,1.1405001466201106,,4.523937504798367,,,,2.0889832677832962,,
50 - 64,Male,Oregon,,13.844574496761217,,15.933768031513823,11.510744009146594,,,6.224792333741876,9.687733769051986,2.114178523382594,3.9778453377438274,15.942009665083267,,6.067386511228085,9.625346769886086,,2.91410325489757,,,,,2.1575172975630883,,
50 - 64,Male,Pennsylvania,,6.444935348289194,,27.91545287979222,25.004604247176715,,16.810631872236243,,9.282642448127918,4.206343665807409,3.629399317392248,,,6.705990221178053,,,,,,,,,,
50 - 64,Male,Rhode Island,,6.444935348289194,,27.91545287979222,25.004604247176715,,16.810631872236243,,9.282642448127918,4.206343665807409,3.629399317392248,,,6.705990221178053,,,,,,,,,,
50 - 64,Male,South Carolina,,3.5027465159233104,,10.568793987071928,4.664687201571324,,3.090978783340339,15.409657695572648,21.300371359202906,2.008392503204784,3.833099718154072,7.364862086283136,,9.951025910086516,10.55196332038725,1.1405001466201106,,4.523937504798367,,,,2.0889832677832962,,
50 - 64,Male,South Dakota,,9.083588862987396,,16.070608962464267,20.737719645375538,,6.878679424858945,,,5.3512788234178865,11.912909610556783,16.814899966889527,,7.7959860029724135,5.3543287004772555,,,,,,,,,
50 - 64,Male,Tennessee,,3.5027465159233104,,10.568793987071928,4.664687201571324,,3.090978783340339,15.409657695572648,21.300371359202906,2.008392503204784,3.833099718154072,7.364862086283136,,9.951025910086516,10.55196332038725,1.1405001466201106,,4.523937504798367,,,,2.0889832677832962,,
50 - 64,Male,Texas,,3.5027465159233104,,10.568793987071928,4.664687201571324,,3.090978783340339,15.409657695572648,21.300371359202906,2.008392503204784,3.833099718154072,7.364862086283136,,9.951025910086516,10.55196332038725,1.1405001466201106,,4.523937504798367,,,,2.0889832677832962,,
50 - 64,Male,Utah,,13.844574496761217,,15.933768031513823,11.510744009146594,,,6.224792333741876,9.687733769051986,2.114178523382594,3.9778453377438274,15.942009665083267,,6.067386511228085,9.625346769886086,,2.91410325489757,,,,,2.1575172975630883,,
50 - 64,Male,Vermont,,6.444935348289194,,27.91545287979222,25.004604247176715,,16.810631872236243,,9.282642448127918,4.206343665807409,3.629399317392248,,,6.705990221178053,,,,,,,,,,
50 - 64,Male,Virginia,,3.5027465159233104,,10.568793987071928,4.664687201571324,,3.090978783340339,15.409657695572648,21.300371359202906,2.008392503204784,3.833099718154072,7.364862086283136,,9.951025910086516,10.55196332038725,1.1405001466201106,,4.523937504798367,,,,2.0889832677832962,,
50 - 64,Male,Washington,,13.844574496761217,,15.933768031513823,11.510744009146594,,,6.224792333741876,9.687733769051986,2.114178523382594,3.9778453377438274,15.942009665083267,,6.067386511228085,9.625346769886086,,2.91410325489757,,,,,2.1575172975630883,,
50 - 64,Male,West Virginia,,3.5027465159233104,,10.568793987071928,4.664687201571324,,3.090978783340339,15.409657695572648,21.300371359202906,2.008392503204784,3.833099718154072,7.364862086283136,,9.951025910086516,10.55196332038725,1.1405001466201106,,4.523937504798367,,,,2.0889832677832962,,
50 - 64,Male,Wisconsin,,9.083588862987396,,16.070608962464267,20.737719645375538,,6.878679424858945,,,5.3512788234178865,11.912909610556783,16.814899966889527,,7.7959860029724135,5.3543287004772555,,,,,,,,,
50 - 64,Male,Wyoming,,13.844574496761217,,15.933768031513823,11.510744009146594,,,6.224792333741876,9.687733769051986,2.114178523382594,3.9778453377438274,15.942009665083267,,6.067386511228085,9.625346769886086,,2.91410325489757,,,,,2.1575172975630883,,
65 and up,Female,Alabama,,8.236475816071769,,22.02272753283456,16.211759151051353,0.2640232108561966,7.90544708665501,8.742619873328431,5.697409521798756,5.509988409494318,4.125258931289298,2.0523158213013404,,13.85147993079785,0.6379270812379955,,1.392662140020352,,0.316494407095843,,,0.7342365539438324,1.1506532424515803,1.1485212897715016
65 and up,Female,Alaska,,8.554035036734465,,10.858006618392627,20.682995030027776,,10.56496928691827,9.924781084848576,9.990907541138338,2.37562231129692,2.8516857105843227,0.7962054793445894,,12.687679567067143,1.2166468754060737,,5.251512763088089,1.105051018527589,,,,0.5161453846757066,1.3155827218448153,1.3081735701047001
65 and up,Female,Arizona,,8.554035036734465,,10.858006618392627,20.682995030027776,,10.56496928691827,9.924781084848576,9.990907541138338,2.37562231129692,2.8516857105843227,0.7962054793445894,,12.687679567067143,1.2166468754060737,,5.251512763088089,1.105051018527589,,,,0.5161453846757066,1.3155827218448153,1.3081735701047001
65 and up,Female,Arkansas,,8.236475816071769,,22.02272753283456,16.211759151051353,0.2640232108561966,7.90544708665501,8.742619873328431,5.697409521798756,5.509988409494318,4.125258931289298,2.0523158213013404,,13.85147993079785,0.6379270812379955,,1.392662140020352,,0.316494407095843,,,0.7342365539438324,1.1506532424515803,1.1485212897715016
65 and up,Female,California,,8.554035036734465,,10.858006618392627,20.682995030027776,,10.56496928691827,9.924781084848576,9.990907541138338,2.37562231129692,2.8516857105843227,0.7962054793445894,,12.687679567067143,1.2166468754060737,,5.251512763088089,1.105051018527589,,,,0.5161453846757066,1.3155827218448153,1.3081735701047001
65 and up,Female,Colorado,,8.554035036734465,,10.858006618392627,20.682995030027776,,10.56496928691827,9.924781084848576,9.990907541138338,2.37562231129692,2.8516857105843227,0.7962054793445894,,12.687679567067143,1.2166468754060737,,5.251512763088089,1.105051018527589,,,,0.5161453846757066,1.3155827218448153,1.3081735701047001
65 and up,Female,Connecticut,,8.47020577563672,,19.782473920119074,18.625567225091817,,13.999890479743138,4.2232089883409385,7.173709561483831,2.1309227506029846,3.6456070802568346,2.2909418435577376,,15.103986465088223,,,2.087964725615501,,,1.9235186626019405,,,0.5420025218612476,
65 and up,Female,Delaware,,8.236475816071769,,22.02272753283456,16.211759151051353,0.2640232108561966,7.90544708665501,8.742619873328431,5.697409521798756,5.509988409494318,4.125258931289298,2.0523158213013404,,13.85147993079785,0.6379270812379955,,1.392662140020352,,0.316494407095843,,,0.7342365539438324,1.1506532424515803,1.1485212897715016
65 and up,Female,District of Columbia,,8.236475816071769,,22.02272753283456,16.211759151051353,0.2640232108561966,7.90544708665501,8.742619873328431,5.697409521798756,5.509988409494318,4.125258931289298,2.0523158213013404,,13.85147993079785,0.6379270812379955,,1.392662140020352,,0.316494407095843,,,0.7342365539438324,1.1506532424515803,1.1485212897715016
65 and up,Female,Florida,,8.236475816071769,,22.02272753283456,16.211759151051353,0.2640232108561966,7.90544708665501,8.742619873328431,5.697409521798756,5.509988409494318,4.125258931289298,2.0523158213013404,,13.85147993079785,0.6379270812379955,,1.392662140020352,,0.316494407095843,,,0.7342365539438324,1.1506532424515803,1.1485212897715016
65 and up,Female,Georgia,,8.236475816071769,,22.02272753283456,16.211759151051353,0.2640232108561966,7.90544708665501,8.742619873328431,5.697409521798756,5.509988409494318,4.125258931289298,2.0523158213013404,,13.85147993079785,0.6379270812379955,,1.392662140020352,,0.316494407095843,,,0.7342365539438324,1.1506532424515803,1.1485212897715016
65 and up,Female,Hawaii,,8.554035036734465,,10.858006618392627,20.682995030027776,,10.56496928691827,9.924781084848576,9.990907541138338,2.37562231129692,2.8516857105843227,0.7962054793445894,,12.687679567067143,1.2166468754060737,,5.251512763088089,1.105051018527589,,,,0.5161453846757066,1.3155827218448153,1.3081735701047001
65 and up,Female,Idaho,,8.554035036734465,,10.858006618392627,20.682995030027776,,10.56496928691827,9.924781084848576,9.990907541138338,2.37562231129692,2.8516857105843227,0.7962054793445894,,12.687679567067143,1.2166468754060737,,5.251512763088089,1.105051018527589,,,,0.5161453846757066,1.3155827218448153,1.3081735701047001
65 and up,Female,Illinois,,7.848402355117479,0.551474306619096,17.186342564459796,16.322969400130223,,10.00732108396057,4.302955378922613,9.279196936801306,7.271931459033354,8.827077947845154,0.7216083445431667,0.551474306619096,12.395533465017039,1.0661250506185602,,0.9338804159137805,,0.5268149447696305,,,,1.6800770948594803,0.5268149447696305
65 and up,Female,Indiana,,7.848402355117479,0.551474306619096,17.186342564459796,16.322969400130223,,10.00732108396057,4.302955378922613,9.279196936801306,7.271931459033354,8.827077947845154,0.7216083445431667,0.551474306619096,12.395533465017039,1.0661250506185602,,0.9338804159137805,,0.5268149447696305,,,,1.6800770948594803,0.5268149447696305
65 and up,Female,Iowa,,7.848402355117479,0.551474306619096,17.186342564459796,16.322969400130223,,10.00732108396057,4.302955378922613,9.279196936801306,7.271931459033354,8.827077947845154,0.7216083445431667,0.551474306619096,12.395533465017039,1.0661250506185602,,0.9338804159137805,,0.5268149447696305,,,,1.6800770948594803,0.5268149447696305
65 and up,Female,Kansas,,7.848402355117479,0.551474306619096,17.186342564459796,16.322969400130223,,10.00732108396057,4.302955378922613,9.279196936801306,7.271931459033354,8.827077947845154,0.7216083445431667,0.551474306619096,12.395533465017039,1.0661250506185602,,0.9338804159137805,,0.5268149447696305,,,,1.6800770948594803,0.5268149447696305
65 and up,Female,Kentucky,,8.236475816071769,,22.02272753283456,16.211759151051353,0.2640232108561966,7.90544708665501,8.742619873328431,5.697409521798756,5.509988409494318,4.125258931289298,2.0523158213013404,,13.85147993079785,0.6379270812379955,,1.392662140020352,,0.316494407095843,,,0.7342365539438324,1.1506532424515803,1.1485212897715016
65 and up,Female,Louisiana,,8.236475816071769,,22.02272753283456,16.211759151051353,0.2640232108561966,7.90544708665501,8.742619873328431,5.697409521798756,5.509988409494318,4.125258931289298,2.0523158213013404,,13.85147993079785,0.6379270812379955,,1.392662140020352,,0.316494407095843,,,0.7342365539438324,1.1506532424515803,1.1485212897715016
65 and up,Female,Maine,,8.47020577563672,,19.782473920119074,18.625567225091817,,13.999890479743138,4.2232089883409385,7.173709561483831,2.1309227506029846,3.6456070802568346,2.2909418435577376,,15.103986465088223,,,2.087964725615501,,,1.9235186626019405,,,0.5420025218612476,
65 and up,Female,Maryland,,8.236475816071769,,22.02272753283456,16.211759151051353,0.2640232108561966,7.90544708665501,8.742619873328431,5.697409521798756,5.509988409494318,4.125258931289298,2.0523158213013404,,13.85147993079785,0.6379270812379955,,1.392662140020352,,0.316494407095843,,,0.7342365539438324,1.1506532424515803,1.1485212897715016
65 and up,Female,Massachusetts,,8.47020577563672,,19.782473920119074,18.625567225091817,,13.999890479743138,4.2232089883409385,7.173709561483831,2.1309227506029846,3.6456070802568346,2.2909418435577376,,15.103986465088223,,,2.087964725615501,,,1.9235186626019405,,,0.5420025218612476,
65 and up,Female,Michigan,,7.848402355117479,0.551474306619096,17.186342564459796,16.322969400130223,,10.00732108396057,4.302955378922613,9.279196936801306,7.271931459033354,8.827077947845154,0.7216083445431667,0.551474306619096,12.395533465017039,1.0661250506185602,,0.9338804159137805,,0.5268149447696305,,,,1.6800770948594803,0.5268149447696305
65 and up,Female,Minnesota,,7.848402355117479,0.551474306619096,17.186342564459796,16.322969400130223,,10.00732108396057,4.302955378922613,9.279196936801306,7.271931459033354,8.827077947845154,0.7216083445431667,0.551474306619096,12.395533465017039,1.0661250506185602,,0.9338804159137805,,0.5268149447696305,,,,1.6800770948594803,0.5268149447696305
65 and up,Female,Mississippi,,8.236475816071769,,22.02272753283456,16.211759151051353,0.2640232108561966,7.90544708665501,8.742619873328431,5.697409521798756,5.509988409494318,4.125258931289298,2.0523158213013404,,13.85147993079785,0.6379270812379955,,1.392662140020352,,0.316494407095843,,,0.7342365539438324,1.1506532424515803,1.1485212897715016
65 and up,Female,Missouri,,7.848402355117479,0.551474306619096,17.186342564459796,16.322969400130223,,10.00732108396057,4.302955378922613,9.279196936801306,7.271931459033354,8.827077947845154,0.7216083445431667,0.551474306619096,12.395533465017039,1.0661250506185602,,0.9338804159137805,,0.5268149447696305,,,,1.6800770948594803,0.5268149447696305
65 and up,Female,Montana,,8.554035036734465,,10.858006618392627,20.682995030027776,,10.56496928691827,9.924781084848576,9.990907541138338,2.37562231129692,2.8516857105843227,0.7962054793445894,,12.687679567067143,1.2166468754060737,,5.251512763088089,1.105051018527589,,,,0.5161453846757066,1.3155827218448153,1.3081735701047001
65 and up,Female,Nebraska,,7.848402355117479,0.551474306619096,17.186342564459796,16.322969400130223,,10.00732108396057,4.302955378922613,9.279196936801306,7.271931459033354,8.827077947845154,0.7216083445431667,0.551474306619096,12.395533465017039,1.0661250506185602,,0.9338804159137805,,0.5268149447696305,,,,1.6800770948594803,0.5268149447696305
65 and up,Female,Nevada,,8.554035036734465,,10.858006618392627,20.682995030027776,,10.56496928691827,9.924781084848576,9.990907541138338,2.37562231129692,2.8516857105843227,0.7962054793445894,,12.687679567067143,1.2166468754060737,,5.251512763088089,1.105051018527589,,,,0.5161453846757066,1.3155827218448153,1.3081735701047001
65 and up,Female,New Hampshire,,8.47020577563672,,19.782473920119074,18.625567225091817,,13.999890479743138,4.2232089883409385,7.173709561483831,2.1309227506029846,3.6456070802568346,2.2909418435577376,,15.103986465088223,,,2.087964725615501,,,1.9235186626019405,,,0.5420025218612476,
65 and up,Female,New Jersey,,8.47020577563672,,19.782473920119074,18.625567225091817,,13.999890479743138,4.2232089883409385,7.173709561483831,2.1309227506029846,3.6456070802568346,2.2909418435577376,,15.103986465088223,,,2.087964725615501,,,1.9235186626019405,,,0.5420025218612476,
65 and up,Female,New Mexico,,8.554035036734465,,10.858006618392627,20.682995030027776,,10.56496928691827,9.924781084848576,9.990907541138338,2.37562231129692,2.8516857105843227,0.7962054793445894,,12.687679567067143,1.2166468754060737,,5.251512763088089,1.105051018527589,,,,0.5161453846757066,1.3155827218448153,1.3081735701047001
65 and up,Female,New York,,8.47020577563672,,19.782473920119074,18.625567225091817,,13.999890479743138,4.2232089883409385,7.173709561483831,2.1309227506029846,3.6456070802568346,2.2909418435577376,,15.103986465088223,,,2.087964725615501,,,1.9235186626019405,,,0.5420025218612476,
65 and up,Female,North Carolina,,8.236475816071769,,22.02272753283456,16.211759151051353,0.2640232108561966,7.90544708665501,8.742619873328431,5.697409521798756,5.509988409494318,4.125258931289298,2.0523158213013404,,13.85147993079785,0.6379270812379955,,1.392662140020352,,0.316494407095843,,,0.7342365539438324,1.1506532424515803,1.1485212897715016
65 and up,Female,North Dakota,,7.848402355117479,0.551474306619096,17.186342564459796,16.322969400130223,,10.00732108396057,4.302955378922613,9.279196936801306,7.271931459033354,8.827077947845154,0.7216083445431667,0.551474306619096,12.395533465017039,1.0661250506185602,,0.9338804159137805,,0.5268149447696305,,,,1.6800770948594803,0.5268149447696305
65 and up,Female,Ohio,,7.848402355117479,0.551474306619096,17.186342564459796,16.322969400130223,,10.00732108396057,4.302955378922613,9.279196936801306,7.271931459033354,8.827077947845154,0.7216083445431667,0.551474306619096,12.395533465017039,1.0661250506185602,,0.9338804159137805,,0.5268149447696305,,,,1.6800770948594803,0.5268149447696305
65 and up,Female,Oklahoma,,8.236475816071769,,22.02272753283456,16.211759151051353,0.2640232108561966,7.90544708665501,8.742619873328431,5.697409521798756,5.509988409494318,4.125258931289298,2.0523158213013404,,13.85147993079785,0.6379270812379955,,1.392662140020352,,0.316494407095843,,,0.7342365539438324,1.1506532424515803,1.1485212897715016
65 and up,Female,Oregon,,8.554035036734465,,10.858006618392627,20.682995030027776,,10.56496928691827,9.924781084848576,9.990907541138338,2.37562231129692,2.8516857105843227,0.7962054793445894,,12.687679567067143,1.2166468754060737,,5.251512763088089,1.105051018527589,,,,0.5161453846757066,1.3155827218448153,1.3081735701047001
65 and up,Female,Pennsylvania,,8.47020577563672,,19.782473920119074,18.625567225091817,,13.999890479743138,4.2232089883409385,7.173709561483831,2.1309227506029846,3.6456070802568346,2.2909418435577376,,15.103986465088223,,,2.087964725615501,,,1.9235186626019405,,,0.5420025218612476,
65 and up,Female,Rhode Island,,8.47020577563672,,19.782473920119074,18.625567225091817,,13.999890479743138,4.2232089883409385,7.173709561483831,2.1309227506029846,3.6456070802568346,2.2909418435577376,,15.103986465088223,,,2.087964725615501,,,1.9235186626019405,,,0.5420025218612476,
65 and up,Female,South Carolina,,8.236475816071769,,22.02272753283456,16.211759151051353,0.2640232108561966,7.90544708665501,8.742619873328431,5.697409521798756,5.509988409494318,4.125258931289298,2.0523158213013404,,13.85147993079785,0.6379270812379955,,1.392662140020352,,0.316494407095843,,,0.7342365539438324,1.1506532424515803,1.1485212897715016
65 and up,Female,South Dakota,,7.848402355117479,0.551474306619096,17.186342564459796,16.322969400130223,,10.00732108396057,4.302955378922613,9.279196936801306,7.271931459033354,8.827077947845154,0.7216083445431667,0.551474306619096,12.395533465017039,1.0661250506185602,,0.9338804159137805,,0.5268149447696305,,,,1.6800770948594803,0.5268149447696305
65 and up,Female,Tennessee,,8.236475816071769,,22.02272753283456,16.211759151051353,0.2640232108561966,7.90544708665501,8.742619873328431,5.697409521798756,5.509988409494318,4.125258931289298,2.0523158213013404,,13.85147993079785,0.6379270812379955,,1.392662140020352,,0.316494407095843,,,0.7342365539438324,1.1506532424515803,1.1485212897715016
65 and up,Female,Texas,,8.236475816071769,,22.02272753283456,16.211759151051353,0.2640232108561966,7.90544708665501,8.742619873328431,5.697409521798756,5.509988409494318,4.125258931289298,2.0523158213013404,,13.85147993079785,0.6379270812379955,,1.392662140020352,,0.316494407095843,,,0.7342365539438324,1.1506532424515803,1.1485212897715016
65 and up,Female,Utah,,8.554035036734465,,10.858006618392627,20.682995030027776,,10.56496928691827,9.924781084848576,9.990907541138338,2.37562231129692,2.8516857105843227,0.7962054793445894,,12.687679567067143,1.2166468754060737,,5.251512763088089,1.105051018527589,,,,0.5161453846757066,1.3155827218448153,1.3081735701047001
65 and up,Female,Vermont,,8.47020577563672,,19.782473920119074,18.625567225091817,,13.999890479743138,4.2232089883409385,7.173709561483831,2.1309227506029846,3.6456070802568346,2.2909418435577376,,15.103986465088223,,,2.087964725615501,,,1.9235186626019405,,,0.5420025218612476,
65 and up,Female,Virginia,,8.236475816071769,,22.02272753283456,16.211759151051353,0.2640232108561966,7.90544708665501,8.742619873328431,5.697409521798756,5.509988409494318,4.125258931289298,2.0523158213013404,,13.85147993079785,0.6379270812379955,,1.392662140020352,,0.316494407095843,,,0.7342365539438324,1.1506532424515803,1.1485212897715016
65 and up,Female,Washington,,8.554035036734465,,10.858006618392627,20.682995030027776,,10.56496928691827,9.924781084848576,9.990907541138338,2.37562231129692,2.8516857105843227,0.7962054793445894,,12.687679567067143,1.2166468754060737,,5.251512763088089,1.105051018527589,,,,0.5161453846757066,1.3155827218448153,1.3081735701047001
65 and up,Female,West Virginia,,8.236475816071769,,22.02272753283456,16.211759151051353,0.2640232108561966,7.90544708665501,8.742619873328431,5.697409521798756,5.509988409494318,4.125258931289298,2.0523158213013404,,13.85147993079785,0.6379270812379955,,1.392662140020352,,0.316494407095843,,,0.7342365539438324,1.1506532424515803,1.1485212897715016
65 and up,Female,Wisconsin,,7.848402355117479,0.551474306619096,17.186342564459796,16.322969400130223,,10.00732108396057,4.302955378922613,9.279196936801306,7.271931459033354,8.827077947845154,0.7216083445431667,0.551474306619096,12.395533465017039,1.0661250506185602,,0.9338804159137805,,0.5268149447696305,,,,1.6800770948594803,0.5268149447696305
65 and up,Female,Wyoming,,8.554035036734465,,10.858006618392627,20.682995030027776,,10.56496928691827,9.924781084848576,9.990907541138338,2.37562231129692,2.8516857105843227,0.7962054793445894,,12.687679567067143,1.2166468754060737,,5.251512763088089,1.105051018527589,,,,0.5161453846757066,1.3155827218448153,1.3081735701047001
65 and up,Male,Alabama,,10.25910511713045,,23.711558092519212,22.03154038480793,,1.151324220979767,6.994477398107233,9.827685582181564,2.8869086172562413,8.521499614044311,1.502114720427465,,8.931385899990795,,,,,,0.8972166157344755,,3.285183736820546,,
65 and up,Male,Alaska,,13.573952928814187,,26.52104080825649,8.972528824791526,,7.051814936148476,2.0198337280527996,13.889310715254474,1.9612799705383555,2.741474700686488,1.4168793852991923,,17.079024745477412,1.8960158247182723,,0.7355265055624424,2.1413169263998775,,,,,,
65 and up,Male,Arizona,,13.573952928814187,,26.52104080825649,8.972528824791526,,7.051814936148476,2.0198337280527996,13.889310715254474,1.9612799705383555,2.741474700686488,1.4168793852991923,,17.079024745477412,1.8960158247182723,,0.7355265055624424,2.1413169263998775,,,,,,
65 and up,Male,Arkansas,,10.25910511713045,,23.711558092519212,22.03154038480793,,1.151324220979767,6.994477398107233,9.827685582181564,2.8869086172562413,8.521499614044311,1.502114720427465,,8.931385899990795,,,,,,0.8972166157344755,,3.285183736820546,,
65 and up,Male,California,,13.573952928814187,,26.52104080825649,8.972528824791526,,7.051814936148476,2.0198337280527996,13.889310715254474,1.9612799705383555,2.741474700686488,1.4168793852991923,,17.079024745477412,1.8960158247182723,,0.7355265055624424,2.1413169263998775,,,,,,
65 and up,Male,Colorado,,13.573952928814187,,26.52104080825649,8.972528824791526,,7.051814936148476,2.0198337280527996,13.889310715254474,1.9612799705383555,2.741474700686488,1.4168793852991923,,17.079024745477412,1.8960158247182723,,0.7355265055624424,2.1413169263998775,,,,,,
65 and up,Male,Connecticut,,9.540927807252567,,22.751928169332633,6.633884947053283,,13.000571394117404,14.428597084303249,3.983960793691841,4.367154028073063,5.513255748434063,2.343116689255854,,11.245007297175476,6.1915960413105635,,,,,,,,,
65 and up,Male,Delaware,,10.25910511713045,,23.711558092519212,22.03154038480793,,1.151324220979767,6.994477398107233,9.827685582181564,2.8869086172562413,8.521499614044311,1.502114720427465,,8.931385899990795,,,,,,0.8972166157344755,,3.285183736820546,,
65 and up,Male,District of Columbia,,10.25910511713045,,23.711558092519212,22.03154038480793,,1.151324220979767,6.994477398107233,9.827685582181564,2.8869086172562413,8.521499614044311,1.502114720427465,,8.931385899990795,,,,,,0.8972166157344755,,3.285183736820546,,
65 and up,Male,Florida,,10.25910511713045,,23.711558092519212,22.03154038480793,,1.151324220979767,6.994477398107233,9.827685582181564,2.8869086172562413,8.521499614044311,1.502114720427465,,8.931385899990795,,,,,,0.8972166157344755,,3.285183736820546,,
65 and up,Male,Georgia,,10.25910511713045,,23.711558092519212,22.03154038480793,,1.151324220979767,6.994477398107233,9.827685582181564,2.8869086172562413,8.521499614044311,1.502114720427465,,8.931385899990795,,,,,,0.8972166157344755,,3.285183736820546,,
65 and up,Male,Hawaii,,13.573952928814187,,26.52104080825649,8.972528824791526,,7.051814936148476,2.0198337280527996,13.889310715254474,1.9612799705383555,2.741474700686488,1.4168793852991923,,17.079024745477412,1.8960158247182723,,0.7355265055624424,2.1413169263998775,,,,,,
65 and up,Male,Idaho,,13.573952928814187,,26.52104080825649,8.972528824791526,,7.051814936148476,2.0198337280527996,13.889310715254474,1.9612799705383555,2.741474700686488,1.4168793852991923,,17.079024745477412,1.8960158247182723,,0.7355265055624424,2.1413169263998775,,,,,,
65 and up,Male,Illinois,,18.34695817722586,,10.476779546184972,6.347144906070722,,1.6239892057107588,13.666313166618362,8.388990932770833,3.1255220408881583,10.981088088560188,3.9614476518796926,,16.16686107952448,6.914905204565954,,,,,,,,,
65 and up,Male,Indiana,,18.34695817722586,,10.476779546184972,6.347144906070722,,1.6239892057107588,13.666313166618362,8.388990932770833,3.1255220408881583,10.981088088560188,3.9614476518796926,,16.16686107952448,6.914905204565954,,,,,,,,,
65 and up,Male,Iowa,,18.34695817722586,,10.476779546184972,6.347144906070722,,1.6239892057107588,13.666313166618362,8.388990932770833,3.1255220408881583,10.981088088560188,3.9614476518796926,,16.16686107952448,6.914905204565954,,,,,,,,,
65 and up,Male,Kansas,,18.34695817722586,,10.476779546184972,6.347144906070722,,1.6239892057107588,13.666313166618362,8.388990932770833,3.1255220408881583,10.981088088560188,3.9614476518796926,,16.16686107952448,6.914905204565954,,,,,,,,,
65 and up,Male,Kentucky,,10.25910511713045,,23.711558092519212,22.03154038480793,,1.151324220979767,6.994477398107233,9.827685582181564,2.8869086172562413,8.521499614044311,1.502114720427465,,8.931385899990795,,,,,,0.8972166157344755,,3.285183736820546,,
65 and up,Male,Louisiana,,10.25910511713045,,23.711558092519212,22.03154038480793,,1.151324220979767,6.994477398107233,9.827685582181564,2.8869086172562413,8.521499614044311,1.502114720427465,,8.931385899990795,,,,,,0.8972166157344755,,3.285183736820546,,
65 and up,Male,Maine,,9.540927807252567,,22.751928169332633,6.633884947053283,,13.000571394117404,14.428597084303249,3.983960793691841,4.367154028073063,5.513255748434063,2.343116689255854,,11.245007297175476,6.1915960413105635,,,,,,,,,
65 and up,Male,Maryland,,10.25910511713045,,23.711558092519212,22.03154038480793,,1.151324220979767,6.994477398107233,9.827685582181564,2.8869086172562413,8.521499614044311,1.502114720427465,,8.931385899990795,,,,,,0.8972166157344755,,3.285183736820546,,
65 and up,Male,Massachusetts,,9.540927807252567,,22.751928169332633,6.633884947053283,,13.000571394117404,14.428597084303249,3.983960793691841,4.367154028073063,5.513255748434063,2.343116689255854,,11.245007297175476,6.1915960413105635,,,,,,,,,
65 and up,Male,Michigan,,18.34695817722586,,10.476779546184972,6.347144906070722,,1.6239892057107588,13.666313166618362,8.388990932770833,3.1255220408881583,10.981088088560188,3.9614476518796926,,16.16686107952448,6.914905204565954,,,,,,,,,
65 and up,Male,Minnesota,,18.34695817722586,,10.476779546184972,6.347144906070722,,1.6239892057107588,13.666313166618362,8.388990932770833,3.1255220408881583,10.981088088560188,3.9614476518796926,,16.16686107952448,6.914905204565954,,,,,,,,,
65 and up,Male,Mississippi,,10.25910511713045,,23.711558092519212,22.03154038480793,,1.151324220979767,6.994477398107233,9.827685582181564,2.8869086172562413,8.521499614044311,1.502114720427465,,8.931385899990795,,,,,,0.8972166157344755,,3.285183736820546,,
65 and up,Male,Missouri,,18.34695817722586,,10.476779546184972,6.347144906070722,,1.6239892057107588,13.666313166618362,8.388990932770833,3.1255220408881583,10.981088088560188,3.9614476518796926,,16.16686107952448,6.914905204565954,,,,,,,,,
65 and up,Male,Montana,,13.573952928814187,,26.52104080825649,8.972528824791526,,7.051814936148476,2.0198337280527996,13.889310715254474,1.9612799705383555,2.741474700686488,1.4168793852991923,,17.079024745477412,1.8960158247182723,,0.7355265055624424,2.1413169263998775,,,,,,
65 and up,Male,Nebraska,,18.34695817722586,,10.476779546184972,6.347144906070722,,1.6239892057107588,13.666313166618362,8.388990932770833,3.1255220408881583,10.981088088560188,3.9614476518796926,,16.16686107952448,6.914905204565954,,,,,,,,,
65 and up,Male,Nevada,,13.573952928814187,,26.52104080825649,8.972528824791526,,7.051814936148476,2.0198337280527996,13.889310715254474,1.9612799705383555,2.741474700686488,1.4168793852991923,,17.079024745477412,1.8960158247182723,,0.7355265055624424,2.1413169263998775,,,,,,
65 and up,Male,New Hampshire,,9.540927807252567,,22.751928169332633,6.633884947053283,,13.000571394117404,14.428597084303249,3.983960793691841,4.367154028073063,5.513255748434063,2.343116689255854,,11.245007297175476,6.1915960413105635,,,,,,,,,
65 and up,Male,New Jersey,,9.540927807252567,,22.751928169332633,6.633884947053283,,13.000571394117404,14.428597084303249,3.983960793691841,4.367154028073063,5.513255748434063,2.343116689255854,,11.245007297175476,6.1915960413105635,,,,,,,,,
65 and up,Male,New Mexico,,13.573952928814187,,26.52104080825649,8.972528824791526,,7.051814936148476,2.0198337280527996,13.889310715254474,1.9612799705383555,2.741474700686488,1.4168793852991923,,17.079024745477412,1.8960158247182723,,0.7355265055624424,2.1413169263998775,,,,,,
65 and up,Male,New York,,9.540927807252567,,22.751928169332633,6.633884947053283,,13.000571394117404,14.428597084303249,3.983960793691841,4.367154028073063,5.513255748434063,2.343116689255854,,11.245007297175476,6.1915960413105635,,,,,,,,,
65 and up,Male,North Carolina,,10.25910511713045,,23.711558092519212,22.03154038480793,,1.151324220979767,6.994477398107233,9.827685582181564,2.8869086172562413,8.521499614044311,1.502114720427465,,8.931385899990795,,,,,,0.8972166157344755,,3.285183736820546,,
65 and up,Male,North Dakota,,18.34695817722586,,10.476779546184972,6.347144906070722,,1.6239892057107588,13.666313166618362,8.388990932770833,3.1255220408881583,10.981088088560188,3.9614476518796926,,16.16686107952448,6.914905204565954,,,,,,,,,
65 and up,Male,Ohio,,18.34695817722586,,10.476779546184972,6.347144906070722,,1.6239892057107588,13.666313166618362,8.388990932770833,3.1255220408881583,10.981088088560188,3.9614476518796926,,16.16686107952448,6.914905204565954,,,,,,,,,
65 and up,Male,Oklahoma,,10.25910511713045,,23.711558092519212,22.03154038480793,,1.151324220979767,6.994477398107233,9.827685582181564,2.8869086172562413,8.521499614044311,1.502114720427465,,8.931385899990795,,,,,,0.8972166157344755,,3.285183736820546,,
65 and up,Male,Oregon,,13.573952928814187,,26.52104080825649,8.972528824791526,,7.051814936148476,2.0198337280527996,13.889310715254474,1.9612799705383555,2.741474700686488,1.4168793852991923,,17.079024745477412,1.8960158247182723,,0.7355265055624424,2.1413169263998775,,,,,,
65 and up,Male,Pennsylvania,,9.540927807252567,,22.751928169332633,6.633884947053283,,13.000571394117404,14.428597084303249,3.983960793691841,4.367154028073063,5.513255748434063,2.343116689255854,,11.245007297175476,6.1915960413105635,,,,,,,,,
65 and up,Male,Rhode Island,,9.540927807252567,,22.751928169332633,6.633884947053283,,13.000571394117404,14.428597084303249,3.983960793691841,4.367154028073063,5.513255748434063,2.343116689255854,,11.245007297175476,6.1915960413105635,,,,,,,,,
65 and up,Male,South Carolina,,10.25910511713045,,23.711558092519212,22.03154038480793,,1.151324220979767,6.994477398107233,9.827685582181564,2.8869086172562413,8.521499614044311,1.502114720427465,,8.931385899990795,,,,,,0.8972166157344755,,3.285183736820546,,
65 and up,Male,South Dakota,,18.34695817722586,,10.476779546184972,6.347144906070722,,1.6239892057107588,13.666313166618362,8.388990932770833,3.1255220408881583,10.981088088560188,3.9614476518796926,,16.16686107952448,6.914905204565954,,,,,,,,,
65 and up,Male,Tennessee,,10.25910511713045,,23.711558092519212,22.03154038480793,,1.151324220979767,6.994477398107233,9.827685582181564,2.8869086172562413,8.521499614044311,1.502114720427465,,8.931385899990795,,,,,,0.8972166157344755,,3.285183736820546,,
65 and up,Male,Texas,,10.25910511713045,,23.711558092519212,22.03154038480793,,1.151324220979767,6.994477398107233,9.827685582181564,2.8869086172562413,8.521499614044311,1.502114720427465,,8.931385899990795,,,,,,0.8972166157344755,,3.285183736820546,,
65 and up,Male,Utah,,13.573952928814187,,26.52104080825649,8.972528824791526,,7.051814936148476,2.0198337280527996,13.889310715254474,1.9612799705383555,2.741474700686488,1.4168793852991923,,17.079024745477412,1.8960158247182723,,0.7355265055624424,2.1413169263998775,,,,,,
65 and up,Male,Vermont,,9.540927807252567,,22.751928169332633,6.633884947053283,,13.000571394117404,14.428597084303249,3.983960793691841,4.367154028073063,5.513255748434063,2.343116689255854,,11.245007297175476,6.1915960413105635,,,,,,,,,
65 and up,Male,Virginia,,10.25910511713045,,23.711558092519212,22.03154038480793,,1.151324220979767,6.994477398107233,9.827685582181564,2.8869086172562413,8.521499614044311,1.502114720427465,,8.931385899990795,,,,,,0.8972166157344755,,3.285183736820546,,
65 and up,Male,Washington,,13.573952928814187,,26.52104080825649,8.972528824791526,,7.051814936148476,2.0198337280527996,13.889310715254474,1.9612799705383555,2.741474700686488,1.4168793852991923,,17.079024745477412,1.8960158247182723,,0.7355265055624424,2.1413169263998775,,,,,,
65 and up,Male,West Virginia,,10.25910511713045,,23.711558092519212,22.03154038480793,,1.151324220979767,6.994477398107233,9.827685582181564,2.8869086172562413,8.521499614044311,1.502114720427465,,8.931385899990795,,,,,,0.8972166157344755,,3.285183736820546,,
65 and up,Male,Wisconsin,,18.34695817722586,,10.476779546184972,6.347144906070722,,1.6239892057107588,13.666313166618362,8.388990932770833,3.1255220408881583,10.981088088560188,3.9614476518796926,,16.16686107952448,6.914905204565954,,,,,,,,,
65 and up,Male,Wyoming,,13.573952928814187,,26.52104080825649,8.972528824791526,,7.051814936148476,2.0198337280527996,13.889310715254474,1.9612799705383555,2.741474700686488,1.4168793852991923,,17.079024745477412,1.8960158247182723,,0.7355265055624424,2.1413169263998775,,,,,,
8 - 11,Female,Alabama,,,,,36.8459427843918,,,,,,63.154057215608205,,,,,,,,,,,,,
8 - 11,Female,Arkansas,,,,,36.8459427843918,,,,,,63.154057215608205,,,,,,,,,,,,,
8 - 11,Female,Connecticut,,,,52.36885931454353,,,,47.63114068545647,,,,,,,,,,,,,,,,
8 - 11,Female,Delaware,,,,,36.8459427843918,,,,,,63.154057215608205,,,,,,,,,,,,,
8 - 11,Female,District of Columbia,,,,,36.8459427843918,,,,,,63.154057215608205,,,,,,,,,,,,,
8 - 11,Female,Florida,,,,,36.8459427843918,,,,,,63.154057215608205,,,,,,,,,,,,,
8 - 11,Female,Georgia,,,,,36.8459427843918,,,,,,63.154057215608205,,,,,,,,,,,,,
8 - 11,Female,Illinois,,,,40.40602396516637,,,,29.79698801741682,,,,,,29.79698801741682,,,,,,,,,,
8 - 11,Female,Indiana,,,,40.40602396516637,,,,29.79698801741682,,,,,,29.79698801741682,,,,,,,,,,
8 - 11,Female,Iowa,,,,40.40602396516637,,,,29.79698801741682,,,,,,29.79698801741682,,,,,,,,,,
8 - 11,Female,Kansas,,,,40.40602396516637,,,,29.79698801741682,,,,,,29.79698801741682,,,,,,,,,,
8 - 11,Female,Kentucky,,,,,36.8459427843918,,,,,,63.154057215608205,,,,,,,,,,,,,
8 - 11,Female,Louisiana,,,,,36.8459427843918,,,,,,63.154057215608205,,,,,,,,,,,,,
8 - 11,Female,Maine,,,,52.36885931454353,,,,47.63114068545647,,,,,,,,,,,,,,,,
8 - 11,Female,Maryland,,,,,36.8459427843918,,,,,,63.154057215608205,,,,,,,,,,,,,
8 - 11,Female,Massachusetts,,,,52.36885931454353,,,,47.63114068545647,,,,,,,,,,,,,,,,
8 - 11,Female,Michigan,,,,40.40602396516637,,,,29.79698801741682,,,,,,29.79698801741682,,,,,,,,,,
8 - 11,Female,Minnesota,,,,40.40602396516637,,,,29.79698801741682,,,,,,29.79698801741682,,,,,,,,,,
8 - 11,Female,Mississippi,,,,,36.8459427843918,,,,,,63.154057215608205,,,,,,,,,,,,,
8 - 11,Female,Missouri,,,,40.40602396516637,,,,29.79698801741682,,,,,,29.79698801741682,,,,,,,,,,
8 - 11,Female,Nebraska,,,,40.40602396516637,,,,29.79698801741682,,,,,,29.79698801741682,,,,,,,,,,
8 - 11,Female,New Hampshire,,,,52.36885931454353,,,,47.63114068545647,,,,,,,,,,,,,,,,
8 - 11,Female,New Jersey,,,,52.36885931454353,,,,47.63114068545647,,,,,,,,,,,,,,,,
8 - 11,Female,New York,,,,52.36885931454353,,,,47.63114068545647,,,,,,,,,,,,,,,,
8 - 11,Female,North Carolina,,,,,36.8459427843918,,,,,,63.154057215608205,,,,,,,,,,,,,
8 - 11,Female,North Dakota,,,,40.40602396516637,,,,29.79698801741682,,,,,,29.79698801741682,,,,,,,,,,
8 - 11,Female,Ohio,,,,40.40602396516637,,,,29.79698801741682,,,,,,29.79698801741682,,,,,,,,,,
8 - 11,Female,Oklahoma,,,,,36.8459427843918,,,,,,63.154057215608205,,,,,,,,,,,,,
8 - 11,Female,Pennsylvania,,,,52.36885931454353,,,,47.63114068545647,,,,,,,,,,,,,,,,
8 - 11,Female,Rhode Island,,,,52.36885931454353,,,,47.63114068545647,,,,,,,,,,,,,,,,
8 - 11,Female,South Carolina,,,,,36.8459427843918,,,,,,63.154057215608205,,,,,,,,,,,,,
8 - 11,Female,South Dakota,,,,40.40602396516637,,,,29.79698801741682,,,,,,29.79698801741682,,,,,,,,,,
8 - 11,Female,Tennessee,,,,,36.8459427843918,,,,,,63.154057215608205,,,,,,,,,,,,,
8 - 11,Female,Texas,,,,,36.8459427843918,,,,,,63.154057215608205,,,,,,,,,,,,,
8 - 11,Female,Vermont,,,,52.36885931454353,,,,47.63114068545647,,,,,,,,,,,,,,,,
8 - 11,Female,Virginia,,,,,36.8459427843918,,,,,,63.154057215608205,,,,,,,,,,,,,
8 - 11,Female,West Virginia,,,,,36.8459427843918,,,,,,63.154057215608205,,,,,,,,,,,,,
8 - 11,Female,Wisconsin,,,,40.40602396516637,,,,29.79698801741682,,,,,,29.79698801741682,,,,,,,,,,
8 - 11,Male,Alabama,,68.34035670224036,,,31.659643297759644,,,,,,,,,,,,,,,,,,,
8 - 11,Male,Alaska,,,,,,,100.0,,,,,,,,,,,,,,,,,
8 - 11,Male,Arizona,,,,,,,100.0,,,,,,,,,,,,,,,,,
8 - 11,Male,Arkansas,,68.34035670224036,,,31.659643297759644,,,,,,,,,,,,,,,,,,,
8 - 11,Male,California,,,,,,,100.0,,,,,,,,,,,,,,,,,
8 - 11,Male,Colorado,,,,,,,100.0,,,,,,,,,,,,,,,,,
8 - 11,Male,Delaware,,68.34035670224036,,,31.659643297759644,,,,,,,,,,,,,,,,,,,
8 - 11,Male,District of Columbia,,68.34035670224036,,,31.659643297759644,,,,,,,,,,,,,,,,,,,
8 - 11,Male,Florida,,68.34035670224036,,,31.659643297759644,,,,,,,,,,,,,,,,,,,
8 - 11,Male,Georgia,,68.34035670224036,,,31.659643297759644,,,,,,,,,,,,,,,,,,,
8 - 11,Male,Hawaii,,,,,,,100.0,,,,,,,,,,,,,,,,,
8 - 11,Male,Idaho,,,,,,,100.0,,,,,,,,,,,,,,,,,
8 - 11,Male,Kentucky,,68.34035670224036,,,31.659643297759644,,,,,,,,,,,,,,,,,,,
8 - 11,Male,Louisiana,,68.34035670224036,,,31.659643297759644,,,,,,,,,,,,,,,,,,,
8 - 11,Male,Maryland,,68.34035670224036,,,31.659643297759644,,,,,,,,,,,,,,,,,,,
8 - 11,Male,Mississippi,,68.34035670224036,,,31.659643297759644,,,,,,,,,,,,,,,,,,,
8 - 11,Male,Montana,,,,,,,100.0,,,,,,,,,,,,,,,,,
8 - 11,Male,Nevada,,,,,,,100.0,,,,,,,,,,,,,,,,,
8 - 11,Male,New Mexico,,,,,,,100.0,,,,,,,,,,,,,,,,,
8 - 11,Male,North Carolina,,68.34035670224036,,,31.659643297759644,,,,,,,,,,,,,,,,,,,
8 - 11,Male,Oklahoma,,68.34035670224036,,,31.659643297759644,,,,,,,,,,,,,,,,,,,
8 - 11,Male,Oregon,,,,,,,100.0,,,,,,,,,,,,,,,,,
8 - 11,Male,South Carolina,,68.34035670224036,,,31.659643297759644,,,,,,,,,,,,,,,,,,,
8 - 11,Male,Tennessee,,68.34035670224036,,,31.659643297759644,,,,,,,,,,,,,,,,,,,
8 - 11,Male,Texas,,68.34035670224036,,,31.659643297759644,,,,,,,,,,,,,,,,,,,
8 - 11,Male,Utah,,,,,,,100.0,,,,,,,,,,,,,,,,,
8 - 11,Male,Virginia,,68.34035670224036,,,31.659643297759644,,,,,,,,,,,,,,,,,,,
8 - 11,Male,Washington,,,,,,,100.0,,,,,,,,,,,,,,,,,
8 - 11,Male,West Virginia,,68.34035670224036,,,31.659643297759644,,,,,,,,,,,,,,,,,,,
8 - 11,Male,Wyoming,,,,,,,100.0,,,,,,,,,,,,,,,,,
